Trabajo,Empleador,Localizacion,Fecha,Descripci√≥n
Desarrollador Web .Net,Stratus Solutions S.A,"Quito, Pichincha",1,"En Initium Software. Estamos en la b√∫squeda de Desarrolladores Web.Net Senior, los objetivos para este cargo son: Analizar, dise√±ar, codificar, probar y documentar requerimientos f‚Ä¶"
GERENTE ADMINISTRATIVO FINANCIERO - QUITO,Manpower,"Quito, Pichincha",1,FUNCIONES    Planificar y ejecutar los programas de trabajo de la sucursal.  Dirigir y analizar los datos de informaci√≥n financiera.  Controlar y planificar las estrategias de cost‚Ä¶
EJECUTIVO DE VENTAS QUITO ENERO 2021,Claro,"Quito, Pichincha",0,MISI√ìN DEL CARGO   PLANIFICAR Y COORDINAR LAS VENTAS DE LA EMPRESA.   ACTIVIDADES PRINCIPALES:   VENDER NUESTROS PRODUCTOS V√çA TELEF√ìNICAMENTE   ATENDER LOS REQUERIMIENTOS DE LOS C‚Ä¶
EJECUTIVO DE VENTAS QUITO ENERO 2021,Colineal,"Quito, Pichincha",1,MISI√ìN DEL CARGO   PLANIFICAR Y COORDINAR LAS VENTAS DE LA EMPRESA.   ACTIVIDADES PRINCIPALES:   VENDER NUESTROS PRODUCTOS V√çA TELEF√ìNICAMENTE   ATENDER LOS REQUERIMIENTOS DE LOS C‚Ä¶
Ing de Monitoreo BOC,Telconet,"Quito, Pichincha",1,"Nos encontramos en b√∫squeda de un Ing. de Monitoreo con el siguiente perfil:  Educaci√≥n Formal: Egresado /Tecn√≥logo/ Licenciado / Ingeniero Electr√≥nico o en Telecomunicaciones, Red‚Ä¶"
PASANTE DE LABORATORIO,Sika,"Guayaquil, Guayas",0,"Id. de solicitud asignado autom√°ticamente   8768BR   Ser√° un reto para ti    Apoyar en el proceso de creaci√≥n, formulaci√≥n y creaci√≥n de nuestros productos  Participar en proyectos‚Ä¶"
Se requiere personal √°rea comercial para proyecto de expansi√≥n,F & E ECUATORIANA,"Quito, Pichincha",0,"F&E ECUATORIANA S.A, busca personal para su √°rea comercial que sean competitivas, con capacidad de autogesti√≥n y gusto por el aprendizaje constante, con facilidades para establecer‚Ä¶"
CONTROL DE POBLACION,Claro,"Quevedo, Los R√≠os",0,"Misi√≥n:   Revisar el cumplimiento de los procesos y programas de labores enmarcados al manual de practicas agr√≠colas, para mejorar la productividad de las haciendas.   Requisitos: ‚Ä¶"
Asistente de agendamiento,PUNTONET S.A.,"Quito, Pichincha",0,"Prop√≥sito: Realizar los agendamientos de requerimientos que ingresan de Call Center, ATC, Ventas.  Funciones:   Realizar el agendamiento y ruteo de clientes  Realizar seguimiento a‚Ä¶"
Coordinador (a) de Transporte,Cargill,"Duran, Guayas",0,"¬øQuiere construir un futuro m√°s s√≥lido, sustentable y cultivar tu carrera? S√∫mate al equipo global de Cargill que cuenta con 160,000 empleados que est√°n comprometidos en usar maner‚Ä¶"
ESPECIALISTA FORMS Y REPORTS,Claro,"Quito, Pichincha",0,REQUISITO ACAD√âMICO:    GRADUADO EN INGENIER√çA EN SISTEMAS DE INFORMACI√ìN O SIMILAR.  EXPERIENCIA:    M√çNIMA DE 3 A√ëOS EN POSICIONES SIMILARES. DESEABLE SECTOR BANCARIO.  OTROS REQ‚Ä¶
VENDEDOR,Clorid S.A.,"Machala, El Oro",0,"En Clorid S.A requerimos vendedor proactivo para la regi√≥n costa (Guayas), El Oro (Machala) y sierra (Quito -Cuenca) en nuestro departamento de ventas, con buena presencia, iniciat‚Ä¶"
ANALISTA CONTABLE,Laboratorios Chalver Del Ecuador,"Quito, Pichincha",0,Laboratorios Chalver Del Ecuador se encuentra en la b√∫squeda de profesionales que aporten con el desarrollo de las siguientes funciones:  Elaborar mensualmente las provisiones de c‚Ä¶
Coordinador (a) de Transporte,Cargill,"Duran, Guayas",0,"¬øQuiere construir un futuro m√°s s√≥lido, sustentable y cultivar tu carrera? S√∫mate al equipo global de Cargill que cuenta con 160,000 empleados que est√°n comprometidos en usar maner‚Ä¶"
EC. Team Member eCommerce,Telef√≥nica,"Quito, Pichincha",0,"LUGAR DE TRABAJO: Quito   DESCRIPCION DE LA EMPRESA:  Telef√≥nica ‚Äì Movistar, empresa l√≠der en telefon√≠a celular en Centro Am√©rica, Latinoam√©rica, y una de las m√°s grandes del secto‚Ä¶"
Ayudante de Bodega - Portoviejo,Telconet,"Portoviejo, Manab√≠",0,Realizar funciones relacionadas con:   Receptar solicitud para identificar los materiales y equipos en stock que han sido solicitados para provincias o personal interno.  Generar c‚Ä¶
ANALISTA DE SEGURIDAD DE LA INFORMACI√ìN,Claro,"Guayaquil, Guayas",0,Misi√≥n del cargo:   Participar en la evaluaci√≥n y an√°lisis de riesgo de seguridad en los proyectos t√©cnicos y/o negocio.   Requisitos:    Graduado de Ingenier√≠a en Sistemas o afine‚Ä¶
ANALISTA DE CONTROL DE CALIDAD,Claro,"Guayaquil, Guayas",0,REQUISITOS PARA EL CARGO:    ESTUDIOS: QU√çMICA FARMAC√âUTICA O CARRERAS AFINES (GRADUADOS)  EXPERIENCIA: M√çNIMO DE 1 A√ëO  CONOCIMIENTOS:     ‚Äã- MATERIA PRIMA  ‚Äì ESTUDIOS DE ESTABILI‚Ä¶
"SUSCRIPTOR, GUAYAQUIL",BMI,"Guayaquil, Guayas",0,"Evaluaci√≥n de suscripci√≥n, t√©cnica, m√©dica y del riesgo de forma integral.  Interpretaci√≥n de ex√°menes de asegurabilidad, f√≠sicos, paracl√≠nicos, carencias, preexistencias, patolog√≠‚Ä¶"
OPERADOR DE DESARROLLO FARMACEUTICO,Claro,"Guayaquil, Guayas",0,REQUISITOS:   ‚Äì BACHILLER  ‚Äì EXPERIENCIA M√çNIMA DE UN A√ëO    CONOCIMIENTOS:   ‚Äì BPM  ‚Äì WORD/EXCEL (B√ÅSICO)    FUNCIONES:   ‚Äì FABRICACI√ìN DE MEDICAMENTOS‚Äã  ‚Äì OPERACI√ìN DE EQUIPOS‚Ä¶
Jefe de Recursos Humanos,Deloitte,"Ambato, Tungurahua",0,"Planificar, dirigir y evaluar la operatividad del √°rea, realizando tareas como reclutamiento, capacitaci√≥n y desarrollo, desempe√±o, relaciones laborales y registros de los empleado‚Ä¶"
"ASISTENTE DE SUSCRIPCI√ìN, GUAYAQUIL",BMI,"Guayaquil, Guayas",0,Codificaci√≥n de preexistencias para Igualas M√©dicas del Ecuador.  Inclusi√≥n y revisi√≥n de notificaci√≥n de preexistencias posteriores a la emisi√≥n.  Comunicaci√≥n con cliente externo‚Ä¶
ADMINISTRADOR DE TIENDA GYE,Claro,"Quito, Pichincha",0,IMPORTANTE INDUSTRIA DEL SECTOR TEXTIL SE ENCUENTRA EN LA B√öSQUEDA DE UN/UNA ADMINISTRADOR/A DE TIENDA   ‚Äã   REQUISITOS   EXPERIENCIA M√çNIMA REQUERIDA DE UN A√ëO EN POSICIONES SIMIL‚Ä¶
EJECUTIVO DE CUENTA AM Y AP,Claro,"Quito, Pichincha",0,RAUL COKA BARRIGA AGENCIA ASESORA PRODUCTORA DE SEGUROS CIA LTDA   SELECCIONA: EJECUTIVO DE CUENTA PARA LA CIUDAD DE QUITO   RAMO DE SEGUROS:   ASISTENCIA M√âDICA Y ACCIDENTES PERSO‚Ä¶
Coordinador de Satisfacci√≥n y Gesti√≥n de Calidad con el Cliente,Telconet,"Guayaquil, Guayas",0,Realizar funciones relacionadas con:   Planificaci√≥n de la medici√≥n de los diferentes segmentos de clientes.  Distribuir la planificaci√≥n y recursos para el personal de la divisi√≥n‚Ä¶
Empresa multilatina requiere personal en modalidad home office,F & E ECUATORIANA,"Quito, Pichincha",1,"Empresa multilatina dedicada a la ense√±anza del idioma ingles solicita para su equipo de trabajo asesores comerciales con o sin experiencia, desempe√±√°ndose en modalidad home office‚Ä¶"
VENDEDOR,Clorid S.A.,"Guayaquil, Guayas",1,"En Clorid S.A requerimos vendedor proactivo para la regi√≥n costa (Guayas) y sierra (Quito -Cuenca) en nuestro departamento de ventas, con buena presencia, iniciativa propia y ganas‚Ä¶"
ANALISTA DE RIESGO MERCADO Y LIQUIDEZ,Claro,"Quito, Pichincha",1,"IMPORTANTE INSTITUCI√ìN FINANCIERA BUSCA INCORPORAR A SU EQUIPO DE TRABAJO UN ANALISTA DE RIESGO MERCADO Y LIQUIDEZ.   CUYA MISI√ìN ESTA ORIENTADA A IDENTIFICAR, MEDIR, PRIORIZAR, CO‚Ä¶"
Vendedor Consumo Masivo - Canal HORECA,Talento Humano SA,"Quito, Pichincha",1,Importante empresa se encuentra en la b√∫squeda de Vendedores para la ciudad de Quito  Requisitos:  - Experiencia m√≠nima de 2 a√±os en ventas de productos de consumo masivo por canal‚Ä¶
Asistente de Talento Humano (TEMPORAL),COOPERATIVA ALIANZA DEL VALLE,"Quito, Pichincha",1,"MISION DEL CARGO:  De manera TEMPORAL se busca un profesional para el √°rea de Talento humano, donde deber√° ejecutar planes y programas pertinentes a la administraci√≥n de personal, ‚Ä¶"
Pasante de Marketing,Supermercados Santa Maria,"Quito, Pichincha",1,"Importante empresa requiere contratar 1 Pasante para el √°rea de MARKETING, que cumplan con el siguiente perfil:  Estudios: Cursando INDISPENSABLEMENTE los √∫ltimos semestres en Mark‚Ä¶"
VENDEDOR,Clorid S.A.,Azuay,0,"En Clorid S.A requerimos vendedor proactivo para la regi√≥n costa (Guayas) y sierra (Quito -Cuenca) en nuestro departamento de ventas, con buena presencia, iniciativa propia y ganas‚Ä¶"
Supervisor de Cobranzas,Estudio Juridico Romero D Asociados S.A.,"Guayaquil, Guayas",0,"Descripci√≥n * Se requiere Supervisor de Cobranzas, con 1 o 2 a√±os de experiencia en cargos similares, Profesional en administraci√≥n, jurisprudencia, ingenier√≠a industrial, finanzas‚Ä¶"
Asistentea de m√°rketing Tiempo Completo,Techsoft,"Quito, Pichincha",0,Descripci√≥n    Gesti√≥n de publicidad para puntos de venta     Dise√±o y ejecuci√≥n de campa√±as promocionales para cliente final     Dise√±o y ejecuci√≥n de campa√±as promocionales para ‚Ä¶
T√©cnico El√©ctrico,Imecorsa S.A.,"Duran, Guayas",0,"Descripci√≥n * Se requiere un T√©cnico El√©ctrico con experiencia m√≠nima de un a√±o en mantenimiento de tableros el√©ctricos (correctivo y preventivo), adicional debe tener conocimiento‚Ä¶"
Coordinador Comercial de Flotas experiencia en el sector automotriz,FOTON DEL ECUADOR,"Quito, Pichincha",0,"Descripci√≥n * COORDINADOR COMERCIAL DE FLOTAS   Prestigiosa empresa del sector Automotriz, requiere vincular a su equipo de trabajo a un COORDINADOR COMERCIAL DE FLOTAS para la ciu‚Ä¶"
"Supervisor y Operador, de Callcenter y Servicio al Cliente Tiempo Completo",Techsoft,"Quito, Pichincha",0,Descripci√≥n * REQUISITOS:    Experiencia en el cargo de Supervisor de Callcenter y Servicio al cliente     Conocimiento de ventas telef√≥nicas de intangibles     Manejo de Exel avan‚Ä¶
Ingeniero sistemas Tiempo Completo,Techsoft,"Quito, Pichincha",0,"Descripci√≥n * 1. Soporte t√©cnico de software y hardware, telef√≥nica, asistencia remota.   2. Mantenimiento preventivo y correctivo del hardware/software para asegurar que se manten‚Ä¶"
Asesor de ventas Viajero,Cofrunat Cia. Ltda.,"Quito, Pichincha",0,"Descripci√≥n * Vender y cobrar a clientes actuales en rutas asignadas, aperturar nuevos clientes.   Experiencia 2 a√±os en ventas de alimentos en canal tienda a tienda   Disponibilid‚Ä¶"
Administradora y Vendedora ciudad Quevedo Experiencia en Empresas Retail,Optimoda,"Quevedo, Los R√≠os",0,Descripci√≥n * RESPONSABILIDADES   ¬∑ Asegurar que la tienda cumpla con los est√°ndares de presentaci√≥n definidos por la Empresa (mercadeo). Ejecutando el chek list de tienda (factura‚Ä¶
Supervisor y Administrador Experiencia en Empresas Retail,Optimoda,"Manta, Manab√≠",0,Descripci√≥n * RESPONSABILIDADES   ¬∑ Asegurar que la tienda cumpla con los est√°ndares de presentaci√≥n definidos por la Empresa (mercadeo). Ejecutando el chek list de tienda (factura‚Ä¶
Tecn√≥logoa electromec√°nicoa con experiencia,Fschem S.A.,"Quito, Pichincha",1,"Descripci√≥n * - Indispensable experiencia en conducci√≥n y licencia de conducir vigente.   - Amplia experiencia en soldadura, torno y fresa.   - Iniciativa para aprender rapidamente‚Ä¶"
CNT EP - SUPERVISOR DE PUNTOS DE PRESENCIA MEDIANO,CORPORACION NACIONAL DE TELECOMUNICACIONES CNT EP,"Bah√≠a de Car√°quez, Manab√≠",1,Tipo de Contrataci√≥n Tiempo Completo   Descripci√≥n de la Plaza CONVOCATORIA A CONCURSO DE M√âRITOS Y OPOSICI√ìN PARA OCUPAR EL CARGO DE SUPERVISOR PUNTOS DE PRESENCIA MEDIANO   LA CO‚Ä¶
Asesores Comerciales de Seguros MANTA,SALUDSA,"Manta, Manab√≠",1,"Saludsa, la empresa de medicina prepagada #1 en el mercado nacional se encuentra en la b√∫squeda de Ejecutivos Comerciales en la ciudad de MANTA.   Responsabilidades   Prospecci√≥n y‚Ä¶"
Supervisor de Ruta y Transporte,Andres Padilla,"Samborond√≥n, Guayas",1,"Empresa ROAD MEN, requiere contratar Supervisor   Remuneracion: 500 - 1000$ + Bonificaciones   Funcion: Supervisar conductores y rutas en las provincias de Santo Domingo, Guayas y ‚Ä¶"
ASISTENTE DE FACTURACI√ìN,GINSBERG S.A.,"Quito, Pichincha",1,Tipo de Contrataci√≥n Tiempo Completo   Descripci√≥n de la Plaza Importante empresa del sector farmac√©utico requiere integrar a su equipo de trabajo a un/a ASISTENTE DE FACTURACI√ìN p‚Ä¶
VENDEDORES DE LUBRICANTES,GXOIL LUBRICANTES,"Quito, Pichincha",1,Tipo de Contrataci√≥n Tiempo Completo   Descripci√≥n de la Plaza IMPORTADORA DE LUBRICANTES REQUIERE CONTRATAR JOVENES PROFESIONAL CON AMPLIA EXPERIENCIA EN LA COMERCIALIZACI√ìN DE LU‚Ä¶
Asesores Comerciales de Seguros (Cuenca),SALUDSA,"Cuenca, Azuay",1,"Saludsa, la empresa de medicina prepagada #1 en el mercado nacional se encuentra en la b√∫squeda de Ejecutivos Comerciales en la ciudad de Cuenca.   Responsabilidades   Prospecci√≥n ‚Ä¶"
Jefe de Ventas - Empresa de Seguros,ALP Consulting Services,"Manta, Manab√≠",1,"Tipo de Contrataci√≥n Cualquiera   Descripci√≥n de la Plaza 1. Planificaci√≥n, Direcci√≥n y Control de Asesores Comerciales a su cargo.  2. Cumplimiento de presupuestos.  3. Mantener l‚Ä¶"
VENDEDOR DE LUBRICANTES,GXOIL LUBRICANTES,"Ambato, Tungurahua",1,Tipo de Contrataci√≥n Tiempo Completo   Descripci√≥n de la Plaza IMPORTADORA DE LUBRICANTES REQUIERE CONTRATAR UN PROFESIONAL CON AMPLIA EXPERIENCIA EN LA COMERCIALIZACI√ìN DE LUBRICA‚Ä¶
Asesor Comercial Experiencia en ventas de equipos seguridad,SINDESEG,"Quito, Pichincha",0,"Descripci√≥n * Asesoramiento comercial a clientes, b√∫squeda de nuevos prospectos de clientes por medio de telemercadeo, se paga comisiones por nivel de ventas y por cumplimiento de ‚Ä¶"
Asistente producci√≥n,Chocono S.A.,"Quito, Pichincha",0,Descripci√≥n * Registrar en el sistema contable las √≥rdenes de producci√≥n diaria   Realizar las conciliaciones entre los valores que reflejan en el sistema contable y lo f√≠sico de l‚Ä¶
Jefe de Ventas,N/A,"Manta, Manab√≠",0,"Acerca del anuncio   Responsable de:   1.- Planificar, dirigir y controlar a los asesores comerciales a su cargo.   2.- Cumplir con el presupuesto de ventas.   3.- Capacitar al equ‚Ä¶"
Vendedor,Tracklink,"Guayaquil, Guayas",0,Descripci√≥n * Tracklink est√° en la b√∫squeda de un vendedor para realizar ventas telef√≥nicas. Realizar servicio de post venta a los clientes.   Buscamos una persona con experiencia ‚Ä¶
Ingeniero en Sistemas,GraphicsourceC.A.,"Guayaquil, Guayas",0,Descripci√≥n * Objetivo del cargo: Manejar software para automatizaci√≥n de tareas de dise√±ador. Parametrizar software.   Conocimientos: Desarrollador web con experiencia o conocimie‚Ä¶
"Operador de maquinaria pesada Granja Santa Isabel Con licencia D, E o G vigente",Italimentos Cia. Ltda.,"Santa Isabel, Azuay",0,"Descripci√≥n * MISI√ìN   Operar y controlar la maquinaria pesada de la Granja en funci√≥n de los requerimientos de la Empresa, en base a las especificaciones t√©cnicas, normas de calid‚Ä¶"
Administrador con capacidad de manejo de personal,SINDESEG,"Quito, Pichincha",0,"Descripci√≥n * se reuqioere personal para administracion de enegocios, los trabajos a realizar son   administraci√≥n de empresa   encargado de compras y servicios   encargado de cart‚Ä¶"
Asistente de gerencia,Fschem S.A.,"Quito, Pichincha",0,"Descripci√≥n * - Ingeniero mec√°nico   - Soporte a Gerencia General en labores t√©cnico-administrativas   - Experiencia en Manejo de Personal   - Conocimientos de Autocad, Solid Works‚Ä¶"
operador de produccion,Labmac,"Duran, Guayas",0,"Descripci√≥n * LABORATORIO FARMAC√âUTICO, NECESITA PERSONAL PARA EL √ÅREA DE PRODUCCI√ìN.   Estudios: M√≠nimo Bachiller   Edad: Entre 18 y 40 a√±os, ambos sexos   INDISPENSABLE tener dis‚Ä¶"
"Telefonista Turno parcial, 3 horas diarias",QUITO WHITE LINE,"Quito, Pichincha",0,"Descripci√≥n * Se requiere persona activa con buena actitud para agendamiento de citas diarias, tiempo parcial s√≥lo 3 horas. Que viva al Sur de Quito, de preferencia en Solanda   Re‚Ä¶"
Pasante Dise√±o Gr√°fico publicidad y redes sociales,Fschem S.A.,"Quito, Pichincha",0,"Descripci√≥n * - Egresad@ o cursando ultimos semestres   - Disponibilidad de trabajar 6 horas diarias   - Experiencia en manejo de softwares como Suite de Adobe, Illustrador, Photos‚Ä¶"
Movilizador Comunitario Guayaquil,CONSEJO NORUEGO PARA REFUGIADOS,"Guayaquil, Guayas",0,"Descripci√≥n * Responsabilidades generales:   Asegurar la adherencia con las pol√≠ticas, herramientas, manuales y directrices de NRC.   Apoyar con la implementaci√≥n de actividades co‚Ä¶"
Vendedor j√∫nior Pusuqui,FOVISP CIA. LTDA.,"Quito, Pichincha",0,Descripci√≥n * LLAMAR A CLIENTES   ENVIAR PROFORMAS   SOLICITAR DOCUMENTOS   REALIZAR INSCRIPCIONES   LLENAR CONTRATOS   REALIZAR SEGUIMIENTO DE PAGOS   REALIIZAR SEGUIMIENTO ACADEM‚Ä¶
Social media manager Experto en publicidad para creaci√≥n de contenido,AgriGenetic S.A.,"Quito, Pichincha",0,"Descripci√≥n * Crear contenido para las diferentes redes sociales, emails para env√≠o masivo. Investigar sobre posible nuevo contenido. Ser muy creativo y tener buena ortograf√≠a.   M‚Ä¶"
Rebobinadora turno en la ma√±ana,Industrial Electromotors,"Quito, Pichincha",0,"Descripci√≥n * IMPORTANTE EMPRESA EN EL AREA DE REBOBINAJE BUSCA INCORPORAR EN SU AREA DE TRABAJO UN REBOBINADOR CON EXPERIENCIA, POR FAVOR ENVIAR SU HOJA DE VIDA AL CORREO @hotmail‚Ä¶"
Qu√≠mico farmac√©utico Bioqu√≠mico Farmac√©utico Control de Calidad,Phytopharma,"Quito, Pichincha",0,"Descripci√≥n * Empresa del sector farmac√©utico, ubicada al norte de quito se encuentra en b√∫squeda de un JEFE DE CONTROL DE CALIDAD, el cual debe ser profesional Quimico Farmaceutic‚Ä¶"
Vendedor de cobertura vendedor de campo,MICDOE CIA. LTDA.,"Quito, Pichincha",0,Descripci√≥n * Micdoe Industria Ecuatoriana dedicada a la elaboraci√≥n de galletas busca vendedores de cobertura para cubrir zonas asignadas por la empresa de la ciudad de QuitoÔºöIndi‚Ä¶
Vendedor turismo freelans,Constructora B A,"Cuenca, Azuay",0,"Descripci√≥n * Ejecutivo Free lans para venta y promoci√≥n de hotel y Apartments Hotel ubicados en la ciudad de Cuenca. Personas interesadas deben recidir en las ciudades de Quito, G‚Ä¶"
Asesor tecnico Con experiencia en equipos de seguridad,SINDESEG,"Quito, Pichincha",0,Descripci√≥n * Se requiere personal t√©cnico con experiencia en el √°rea de instalaci√≥n e implementaci√≥n de equipos de seguridad tales como:   alarma de seguridad   c√°maras   sistema ‚Ä¶
M√©dico a domicilio veh√≠culo propio sector Cumbaya y Tumbaco,Metrored,"Quito, Pichincha",0,Descripci√≥n * Misi√≥n del cargo: Realizar atenci√≥n m√©dica a domicilio de acuerdo a los protocolos de atenci√≥n establecida.   Perfil   M√©dico General graduado   Registro de t√≠tulo en‚Ä¶
Empresa necesita recaudador motorizado Licenciado en leyes o abogado no indispensable,Solbric,"Quito, Pichincha",0,Descripci√≥n * FUNCIONES:    Necesitamos una persona con experiencia en recaudaci√≥n de cartera que realice trabajo de Oficina (20%) y Campo(80%).     Tambi√©n debe tener experiencia ‚Ä¶
Ejecutivoa comercial Tiempo Completo,Techsoft,"Quito, Pichincha",0,"Descripci√≥n * - Coordinar y gestionar con el Gerente Comercial la estrategia comercial de su cargo.   - Creaci√≥n de base de datos de clientes, la promoci√≥n de productos/servicios, ‚Ä¶"
Ejecutivoa Comercial Key Account Manager Empresa de Servicios en Telecomunicaciones,Dynamic Electronic Systems,"Quito, Pichincha",0,"Descripci√≥n * ‚Ä¢ Titulo de Tercer nivel en Ing. Comercial, Negocios Internacionales o afines.    Experiencia comprobable en ventas m√≠nimo 2 a√±os en el sector de telecomunicaciones, ‚Ä¶"
Contratista de Fibra √ìptica Resida en Guayaquil indispensable veh√≠culo propio,GEDATECU SA,"Guayaquil, Guayas",0,"Descripci√≥n * Importante empresa en telecomunicaciones solicita contratar t√©cnico contratista en fibra √≥ptica, entre los requisitos:   - Veh√≠culo propio (camioneta) INDISPENSABLE. ‚Ä¶"
Contratista Fibra Optica Poseer veh√≠culo propio y vivir en Manta,GEDATECU SA,"Manta, Manab√≠",1,Descripci√≥n * Importante empresa de telecomunicaciones solicita:   T√©cnico contratista para realizar trabajos con Fibra √ìptica   Requisitos:   Veh√≠culo propio (camioneta) indispens‚Ä¶
T√©cnico de Ventas Ing. Agropecuario o carreras Afines,N/A,"Quito, Pichincha",1,Descripci√≥n * Importante Laboratorio Farmac√©utico se encuentra en la b√∫squeda de un T√©cnico de Ventas para formar parte de la Linea de Salud Animal.   Formaci√≥n: Ing. Agropecuarios‚Ä¶
"Vendedora para C.C. en Guayaquil, Entrerios, Dorado, Ceibos",La Isla de la Plata,"Guayaquil, Guayas",1,Descripci√≥n * Vendedora para centros comerciales rotativos Mall sol- Mall Sur- Dorado-Entrerios-Ceibos   SE REQUIERE:   - Debe estar disponible para cualquier de nuestros locales d‚Ä¶
Tecnico Electrico maquinarias Licencia tipo B con experiencia,AINSA S.A,"Guayaquil, Guayas",1,Descripci√≥n * Realizar mantenimiento preventivo de los veh√≠culos asignados a su cargo e informar sobre mantenimientos correctos al Asistente t√©cnico   - Realizar visitas t√©cnicas a‚Ä¶
Operador Call Center y Atenci√≥n al cliente Tiempo Completo,Techsoft,"Quito, Pichincha",1,Descripci√≥n * * Atenci√≥n al cliente v√≠a telef√≥nica y web    Derivaci√≥n de casos     Resoluci√≥n de consultas     Soporte remoto (capacitaci√≥n previa por parte de la empresa)     Tra‚Ä¶
INGENIERO EN SEGURIDAD Y SALUD OCUPACIONAL,WELDING & VAYACONS CIA LTDA,"Quito, Pichincha",1,Se necesita Ing. Seguridad y Salud Ocupacional con experiencia en el √°rea petrolera y buen manejo de Sistema √önico de Trabajo.   Disponibilidad para viajar.   Base de trabajo en Pa‚Ä¶
VENDEDOR PARA MACHALA DIVISI√ìN PINTURAS Y PEGAMENTOS,ADHEPLAST,"Machala, El Oro",1,ADHEPLAST DIVISI√ìN PINTURAS   Requiere contratar   VENDEDOR PARA LA ZONA DE MACHALA   CON EXPERIENCIA EN EL AREA DE VENTAS AL POR MAYOR DE:   - PINTURAS   - PEGAMENTOS   - FERRETER‚Ä¶
promotores TEMPORALES,Estrategias & Mercado,"Guayaquil, Guayas",1,Reconocida empresa de servicios de Merchandising se encuentra en la b√∫squeda de PROMOTORES de equipos m√≥viles para la ciudad de Guayaquil TEMPORALES   Requisitos:   -Disponibilidad‚Ä¶
Promotores de Ventas comisionista,TUENTI,"Guayaquil, Guayas",1,Tipo de Contrataci√≥n Cualquiera   Descripci√≥n de la Plaza Solicitamos Promotores de Ventas producto de f√°cil comercializaci√≥n Chip Prepago Tuenti‚Ä¶
"se solicitan asesores comerciales, visitadores a medicos y distribuidores",FERVEGCORP S.A.,"Guayaquil, Guayas",1,"Multinacional Norteamericana abre de oportunidad 10 vacantes disponibles;   REQUISITOS   ¬∑Mayor a 20 a√±os de edad.   ¬∑1 a√±o de experiencia en la venta de tangibles e intangibles,  ‚Ä¶"
Qa Tester,Bayteq Cia Ltda,"Quito, Pichincha",1,"Tipo de Contrataci√≥n Tiempo Completo   Descripci√≥n de la Plaza Estamos contratando un Qa Tester, con el siguiente perfil t√©cnico:   Conocimientos y Habilidades :  -Experiencia T√©cn‚Ä¶"
JEFE DE BODEGA Y LOGISTICA,N/A,"Portoviejo, Manab√≠",1,Empresa dedicada a la distribuci√≥n y ventas de productos de consumo masivo se encuentra en la b√∫squeda de Jefe de Bodega y Log√≠stica para su bodega de Producto Terminado en la ciud‚Ä¶
COBRADOR MOTORIZADO PARA AMBATO,MEGACOB,"Ambato, Tungurahua",1,Tipo de Contrataci√≥n Tiempo Completo   Descripci√≥n de la Plaza Lugar de trabajo: AMBATO  Salario: acorde al mercado m√°s movilizaci√≥n  Tipo de puesto: Full-Time  √Årea: Motorizado Ca‚Ä¶
Representante de Cuentas Clave,Grupo Geico,"Guayaquil, Guayas",1,Tipo de Contrataci√≥n Tiempo Completo   Descripci√≥n de la Plaza Importante empresa farmac√©utica se encuentra en la b√∫squeda de un Representante de Cuentas Clave para la ciudad de Gu‚Ä¶
VENDEDOR DE COSMETICA,MANZO DUME NARCISA FERNANDA,"Guayaquil, Guayas",1,"Buscamos MUJERES Y HOMBRES para trabajar en Ventas, para la Distribuci√≥n de productos de Cosm√©tica de consumo masivo.   Tener Esp√≠ritu Emprendedor, para crear Liderazgo en Equipos ‚Ä¶"
SUPERVISOR DE SEGURIDAD PRIVADA,Laar Cia ltda,"Quito, Pichincha",1,"Tipo de Contrataci√≥n Tiempo Completo   Descripci√≥n de la Plaza Importante empresa de seguridad en la ciudad de Quito esta en busca de Supervisor de Seguridad para sector de PUEMBO,‚Ä¶"
PASANTE BIENESTAR Y CONSUMO - QUITO,Corporacion GPF - Grupo Fybeca,"Quito, Pichincha",1,"Somos una empresa en constante innovaci√≥n, con cerca de 90 a√±os al servicio del mercado ecuatoriano.   La amplia experiencia comercial de FEMSA Comercio y el profundo conocimiento ‚Ä¶"
ASESOR COMERCIAL CON CARTERA DE CLIENTES SERVICIOS TECNOLOGIA,Oswaldo Moscoso,"Quito, Pichincha",1,"Empresa de Tecnolog√≠a busca incorporar a su equipo un Asesor Comercial con residencia en la ciudad de Quito, para la comercializaci√≥n de productos y servicios de tecnolog√≠a (aplica‚Ä¶"
EJECUTIVOS DE VENTAS,LAGO TRAVEL AGENCY,"Quito, Pichincha",1,Tipo de Contrataci√≥n Medio Tiempo   Descripci√≥n de la Plaza Empresa tur√≠stica solicita personal para el a√©rea de Ventas BAJO COMISI√ìN   Requisitos:   Buena presencia  Gusto por las‚Ä¶
Asesores comerciales HOMEOFFICE,Raul Enrique Garcia Abril,"Guayaquil, Guayas",1,*HOME OFFICE*   Empresa de Call Center FAST SELL RJICORP   requiere la incorporaci√≥n de Asesores Comerciales a su equipo de trabajo CON/SIN experiencia en el √°rea de ventas en la c‚Ä¶
Promotor de ventas y Atencion al cliente,winner,"Guayaquil, Guayas",1,Tipo de Contrataci√≥n Medio Tiempo   Descripci√≥n de la Plaza Solicito personal ambos sexos para las √°reas de:  ü§ùServicio al cliente.  ü§ùPromotoras.  ü§ùImpulsadoras.  **REQUISITOS**‚Ä¶
Asesor Comercial. (Ciudad de Cuenca),Mateo Coello,"Cuenca, Azuay",1,"Se necesita Asesor Comercial para distribuidora farmac√©utica con disponibilidad de viajar a cantones y provincias regi√≥n Austro del pa√≠s. Contar con experiencia en ventas, manejo d‚Ä¶"
Vendedores para centros comerciales (Quito) CONDADO SHOPPING,GLOW BEAUTY BAR,"Quito, Pichincha",1,"Tipo de Contrataci√≥n Tiempo Completo   Descripci√≥n de la Plaza Glow Beauty Bar S.A.   Empresa l√≠der en el mercado de planchas para el cabello 100% cer√°mica, busca:   Vendedores (IS‚Ä¶"
Importante Empresa Textil requiere Egresada o reci√©n Graduada en Ingenier√≠a Qu√≠mica,ECUACOTTON S.A.,"Guayaquil, Guayas",1,EGRESADA O RECIEN GRADUADA EN INGENIERIA QUIMICA  Edad: entre 22 y 30 a√±os  sexo: femenino  Para trabajar como asistente de Gerente de Planta en el √°rea de Medio Ambiente  An√°lisis‚Ä¶
DISTRIBUIDORES DE SNACKS,CRIP¬¥S CRIP¬¥S,"Sangolqui, Pichincha",1,"La empresa Crip's necesita Distribuidores para la ciudad de Ambato y El Coca.   Crips es una empresa dedicada a la producci√≥n de snacks.   Nos encontramos en el Sector de Cuendia, ‚Ä¶"
POLIFUNCIONAL COCINA PARA LOCALES DE COMIDA RAPIDA- ( NORTE-SUR Y VALLES),MB MAYFLOWER BUFFALOS,"Sangolqui, Pichincha",1,GRUPO MAYFLOWER-BUFFALOS busca contratar para sus locales de comida rapida personal para cocina. (SUR- NORTE DE QUITO Y VALLES)   Responsabilidades para el cargo de COCINA SON:    ‚Ä¶
JEFE DE TALENTO HUMANO - QUEVEDO,Adecco,"Quevedo, Los R√≠os",1,JEFE DE TALENTO HUMANO para importante empresa en la ciudad de Quevedo.   Funciones:  Asegurar la continuidad del negocio por medio de la efectividad en el manejo del personal.  Li‚Ä¶
Pasante Red Comercial (Guayaquil),DURAGAS,"Guayaquil, Guayas",1,"Carreras: Estudiantes Universitarios cursando carreras de: Administraci√≥n de Empresas, Econom√≠a, Gesti√≥n empresarial o carreras afines.   Funciones:   Manejo de documentos y archiv‚Ä¶"
Ejecutivo de Ventas Canal Tradicional e Institucional,DISMARSALECUADOR S.A.,"Quito, Pichincha",1,Descripci√≥n * Empresa de consumo masivo requiere Ejecutivo de ventas para canal tradicional e institucional profesional en carreras administrativas preferiblemente con especializac‚Ä¶
Jornaleros clasificaci√≥n de flor - Norte de Quito,Brain Training,"Quito, Pichincha",1,Tipo de Contrataci√≥n Tiempo Completo   Descripci√≥n de la Plaza Empresa dedicada a la preservaci√≥n de flores desea contratar Jornaleros al norte de Quito   Funciones:  Recibir la fl‚Ä¶
Desarrollador Android Semi Senior,Bayteq Cia Ltda,"Quito, Pichincha",1,"Tipo de Contrataci√≥n Tiempo Completo   Descripci√≥n de la Plaza Estamos contratando un Desarrollador Android Semi Senior, con el siguiente perfil t√©cnico:   Conocimientos  -Lenguaje‚Ä¶"
ASISTENTE DE BODEGA PRODUCTO TERMINADO,GINSBERG S.A.,"Quito, Pichincha",1,"Tipo de Contrataci√≥n Tiempo Completo   Descripci√≥n de la Plaza Profesional con Experiencia en BODEGA DE PRODUCTO TERMINADO, manejo de despachos, ingresos, devoluciones, inventarios‚Ä¶"
Vendedor + Comisionita Lago Agrio,Plastiplanet,"Lago Agrio, Sucumb√≠os",1,"POSTULAR UNICAMETE DE LAS CIUDADES: Lago Agr√≠o, Puyo, Tena.   Buscamos una persona con experiencia en ventas, negociaci√≥n y con conocimiento de trato al cliente.   Responsabilidade‚Ä¶"
VENDEDORES PUERTA A PUERTA SERVICIOS DE TELECOMUNICACIONES,TVCABLE,"Quito, Pichincha",1,"EMPRESA DE TELECOMUNICACIONES (INTERNET, TV Y TELEFON√çA) CONTRATA EN QUITO   PERSONAL CON EXPERIENCIA EN VENTAS EXTERNAS (PUERTA A PUERTA) y POR REDES SOCIALES DE PREFERENCIA QUE H‚Ä¶"
ASISTENTE LEGAL,Edison Oswaldo Montero Mier,"Quito, Pichincha",1,"Se necesita asistente legal tiempo completo para instrumentacion de garantias, envio de documentos y analisis de documentos varios‚Ä¶"
SE BUSCAN VISITADORES A MEDICOS Y ASESORES COMERCIALES,MARIA VEGA,"Guayaquil, Guayas",1,"EMPRESA MULTINACIONAL NORTEAMERICANA, BUSCA ASESORES COMERCIAES Y VISITADORES A MEDICOS, CON CARTERA DE CLIENTES PROPIA Y MOVILIZACION PARA LA DISTRIBUCION Y VENTA DE SUS PRODUCTOS‚Ä¶"
Asesor comercial - Freelance,Carolina Tigrero,"Guayaquil, Guayas",1,"Somos una empresa de publicidad que busca incorporar vendedores freelance, los mismos que deben tener:   -Cartera propia de clientes (comprobable).   -Experiencia en ventas (de pre‚Ä¶"
EJECUTIVO DE VENTAS,Pirka Stone,"Machala, El Oro",1,"Tipo de Contrataci√≥n Tiempo Completo   Descripci√≥n de la Plaza Se solicita hombre, edades entre 25 a 35 a√±os, que cuente con movilidad, sea din√°mico, proactivo, tenga facilidad de ‚Ä¶"
TECNICO CAPILAR,PROCOSBELL,"Cuenca, Azuay",1,"Tipo de Contrataci√≥n Tiempo Completo   Descripci√≥n de la Plaza SE NECESITA TECNICO CAPILAR CON CONOCIMIENTOS EN EL MANEJO DE LOS MISMOS, ATENCION AL CLIENTE, VENTA DE PRODUCTOS‚Ä¶"
Software developer,Netser Computer International Inc,"Quito, Pichincha",1,"Descripci√≥n * Estamos en la b√∫squeda de responsable de ejecutar los proyectos de desarrollo de software, con el fin de proporcionar las herramientas y soluciones de tecnolog√≠as de ‚Ä¶"
JEFE DE MANTENIMIENTO,ADHEPLAST,"Cuenca, Azuay",1,"ADHEPLAST   Requiere contratar   JEFE DE MANTENIMIENTO   Formaci√≥n:   Ing. Electromec√°nico, el√©ctrico o mec√°nico   Conocimientos de:   Calderas   Motores   Sistemas de enfriamiento‚Ä¶"
COORDINADOR DE MODELO DE SERVICIOS - PORTOVIEJO,TONICORP,"Portoviejo, Manab√≠",1,COORDINADOR DE MODELO DE SERVICIOS - PORTOVIEJO   MISION DEL CARGO: Asegurar el buen funcionamiento de los modelos de servicio implantados en los centros de distribuci√≥n a trav√©s d‚Ä¶
Asesor comercial FREELANCE,Fernando Febres Corder,"Guayaquil, Guayas",1,Importante empresa de la industria del seguro americano est√° en busqueda de ejecutivos de ventas en la ciudad de Guayaquil.   Requisitos:   Beneficios:   Favor aplicar solo si cump‚Ä¶
GERENTE FINANCIERO ADMINISTRATIVO - QUITO,Manpower,"Quito, Pichincha",1,Importante empresa de servicios en la ciudad de Quito busca contratar a un:   GERENTE FINANCIERO ADMINISTRATIVO - QUITO   FUNCIONES   Planificar y ejecutar los programas de trabajo‚Ä¶
Vendedor de Cobertura Ambato,TONICORP,"Ambato, Tungurahua",1,"CARGO   Vendedor de cobertura AMBATO   MISION   Promover e Impulsar la venta de productos para asi cumplir con la cuota de venta establecida para su ruta, as√≠ como el portafolio de‚Ä¶"
JEFATURA DE LABORATORIO CLINICO,Vibag C.A.,"Guayaquil, Guayas",1,"PERFIL DEL PUESTO:   FORMACION ACADEMICA: Tercer nivel en Laboratorio Cl√≠nico, Qu√≠mica y farmac√©utica, biotecnolog√≠a o carreras afines.   EXPERIENCIA: 3 a√±os en Jefatura de laborat‚Ä¶"
GUARDIA DE SEGURIDAD PRIVADA,Laar Cia ltda,"Quito, Pichincha",1,Tipo de Contrataci√≥n Tiempo Completo   Descripci√≥n de la Plaza Importante empresa de seguridad en la ciudad de Quito esta en busca de Supervisor de Seguridad para sector de QUITO (‚Ä¶
Asistente de Marketing,Multitrabajos.com,"Quito, Pichincha",1,"Importante agencia de publicidad   Requiere incorporar en su empresa un asistente de marketing quien sea una persona proactiva, que est√© muy enfocado al √°rea de marketing, conocimi‚Ä¶"
LICENCIADA/O EN ENFERMER√çA,BIOPROEC,"Quito, Pichincha",1,Nos encontramos en la b√∫squeda de Licenciado/a en enfermeria.   REQUISITOS:   Instrucci√≥n:Titulo de tercer nivel Licenciatura en Enfermer√≠a   Conocimientos: Manejo y curaci√≥n de he‚Ä¶
Ejecutivo de Ventas,N/A,"Quito, Pichincha",1,Descripci√≥n * El Gerente de Ventas est√° a cargo de supervisar y dirigir las actividades de una oficina o de un departamento de Ventas. Su empleo consiste en coordinar y monitorear ‚Ä¶
PROGRAMADOR SAP,Gerardo Ortiz,"Cuenca, Azuay",1,"GO CORP   Requiere contratar   PROGRAMADOR SAP   perfilrequerido:   Ingeniero Sistemas   Experiencia en Implantaciones de SAP S/4 HANA, de al menos 3 implementaciones.   Debe tener‚Ä¶"
Cajero-Machala,COOPERATIVA DE AHORRO Y CREDITO JEP,"Machala, El Oro",1,Importante Empresa del Sector Financiero requiere contratar un/a Cajero/a para la ciudad de Machala:   Requisitos:   1. Bachiller o graduado de carreras administrativas   2. Dispon‚Ä¶
Auxiliar de Servicios Generales-Ambato,TRACKLINK,"Ambato, Tungurahua",1,"Tracklink, importante empresa de control y seguridad vehicular requiere 1 Auxiliar de Servicios Generales quien se encargar√° de dar soporte en tareas administrativas de la agencia ‚Ä¶"
Asistente Contable,EXPORTFLORES,"Tabacundo, Pichincha",1,Tipo de Contrataci√≥n Tiempo Completo   Descripci√≥n de la Plaza Importante Empresa Flor√≠cola ubicada en Tabacundo  Requiere contratar:  ASISTENTE CONTABLE  Que cumpla el siguiente p‚Ä¶
Vendedor Retail - Quito,D¬¥MUJERES S.A.,"Quito, Pichincha",1,"Empresa dedicada a la comercializaci√≥n de productos de belleza, est√° en b√∫squeda de un VENDEDOR RETAIL, para la ciudad de Quito, con el siguiente perfil:   G√©nero:Indistinto   Edad‚Ä¶"
ANALISTA CONTABLE,LABORATORIOS CHALVER,"Quito, Pichincha",1,"En Chalver Laboratorios lo importante son las personas, trabajamos para la gente y nos esforzamos por mejorar su salud y calidad de vida; lo hacemos como un equipo, en el que los t‚Ä¶"
VENDEDOR FREENLACE- COMISIONISTA,Proteccion de Patrimonios,"Guayaquil, Guayas",1,Buscamos talentos con experiencia en ventas en el sector de intangibles con muy buena actitud de servicio con experiencia minima de 1 a√±o.   Fecha de Contratacion:   Cantidad de va‚Ä¶
Mensajero / Operativo MOTORIZADO,Columtrad cia ltda,"Guayaquil, Guayas",1,"Tipo de Contrataci√≥n Tiempo Completo   Descripci√≥n de la Plaza Columtrad Cia Ltda.   Empresa que lleva en el mercado 21 a√±os brindando servicios log√≠sticos integrales, enfoc√°ndose ‚Ä¶"
Director Comercial (Sector Agroalimenticio) - Para Quito,Adecco,"Quito, Pichincha",1,¬øTienes amplia experiencia en captaci√≥n de nuevos clientes y posicionamiento de marca? ¬øHas tenido experiencia en el sector agroalimenticio?   Entonces ¬°Esta oportunidad es perfect‚Ä¶
SECRETARIA/O ASISTENTE,GINA TREBOLES,"Quito, Pichincha",1,"Se necesita joven o se√±orita para ocupar el cargo de asistente, con conocimientos solidos en computaci√≥n, facturaci√≥n, redacci√≥n de oficios, solicitudes, autorizaciones. Adem√°s que‚Ä¶"
Gerente Senior de Producto L√≠nea Ginecol√≥gica,RODDOME PHARMACEUTICAL S.A.,"Quito, Pichincha",1,"Roddome Pharmaceutical, es una empresa comercializadora de especialidades farmac√©uticas cuyo domicilio social se encuentra en Quito-Ecuador. Somos una empresa comprometida con la m‚Ä¶"
Vendedor Mayorista - Machala,Almacenes Estuardo Sanchez,"Machala, El Oro",1,Buscamos el mejor talento para nuestra √°rea de ventas - canal comercial especializado mayorista. Debe tener experiencia en la gesti√≥n de ventas a gran escala o por categor√≠as.   Re‚Ä¶
Jefe de Recursos Humanos,Asistente Gerencia,"Quito, Pichincha",1,"IMPORTANTE EMPRESA DE CONSTRUCCI√ìN   REQUIERE CONTRATAR:   JEFE DE RECURSOS HUMANOS   Requisitos:   Formaci√≥n Acad√©mica: Ing. Comercial, Administraci√≥n de empresas, Psic√≥logo Labor‚Ä¶"
Se requiere personal √°rea comercial para proyecto de expansi√≥n,F&E ECUATORIANA S.A.,"Quito, Pichincha",1,"F&E ECUATORIANA, busca personal para su √°rea comercial que sean competitivas, con capacidad de autogesti√≥n y gusto por el aprendizaje constante, con facilidades para establecer rel‚Ä¶"
SECRETARIA DE VENTAS,HDM EQLUITECNICA CIA. LTDA.,"Quito, Pichincha",1,"Tipo de Contrataci√≥n Tiempo Completo   Descripci√≥n de la Plaza REQUISITOS  Formaci√≥n en secretariado y/o afines  Capacidad de comunicaci√≥n, organizaci√≥n, trabajo en equipo, y coord‚Ä¶"
PROTECTOR DE SEGURIDAD PRIVADA,Laar Cia ltda,"Guayaquil, Guayas",1,"Tipo de Contrataci√≥n Tiempo Completo   Descripci√≥n de la Plaza IMPORTANTE EMPRESA DE SEGURIDAD PRIVADA , ESTA RECLUTANDO PERSONAL PARA EL CARGO DE PROTECTOR DE SEGURIDAD PRIVADA EN‚Ä¶"
Gestor de Cobranzas-Freelance,SERVICOBRANZAS S.A.,"Guayaquil, Guayas",1,Tipo de Contrataci√≥n Freelance   Descripci√≥n de la Plaza Requiere contratar:  EJECUTIVO/A DE COBRANZAS GUAYAQUIL - FREELANCE   Modalidad teletrabajo   Perfil:   Experiencia m√≠nima ‚Ä¶
ASESORA COMERCIAL CUENCA,PROHYGIENE,"Cuenca, Azuay",1,"PROHYGIENE,compa√±√≠a l√≠der en Higiene Institucional requiere una Ejecutiva de Ventas para sus oficinas en la ciudad de Cuenca.   MISI√ìN DEL PUESTOCumplir con los objetivos de ventas‚Ä¶"
BODEGUERO(EVENTUAL),Pronaca,"Guayaquil, Guayas",1,Funciones:   Controlar el inventario a trav√©s del conteo de producto f√≠sico vs el registro en el sistema INFORLN para evitar diferencias de producto en las bodegas.  Validar la rec‚Ä¶
TECNICO EN CLIMATIZACION,KAREN MARISCAL,"Manta, Manab√≠",1,"REALIZAR MANTENIMIENTOS PREVENTIVOS DE EQUIPOS DE CLIMATIACION   REALIZAR MANTENIMIENTOS CORRECTIVOS DE EQUIPOS DE CLIMATIZACION ( REPARACIONES , CAMBIO DE COMPRESORES, CAPACITORES‚Ä¶"
Vendedor Autoventa - CUENCA,Nestl√©,"Cuenca, Azuay",1,"Cumplir con los objetivos de ventas mediante visitas periodicas a los clientes en base a ruteros establecidos, asegurando distribucion, presencia y disponibilidad de nuestros produ‚Ä¶"
DISE√ëADOR DE PAGINA WEB-COMUNITY MANAGER,BIROBID,"Guayaquil, Guayas",1,"Tipo de Contrataci√≥n Tiempo Completo   Descripci√≥n de la Plaza Empresa de Desarrollo de Software, busca un Comunity Manager con experiencia comprobada de al menos 2 a√±os, solidos c‚Ä¶"
Pasante Comercial de Exponerados,Corporacion Maresa,"Quito, Pichincha",1,Objetivo Principal:   Apoyar al negocio de Marcas Masivas en la gesti√≥n comercial del segmento de Exonerados y las distintas actividades requeridas por el negocio.   Principales Ac‚Ä¶
EJECUTIVO COMERCIAL FREELANCE,CIAVGROUP CORP S.A.,"Guayaquil, Guayas",1,Nos encontramos en la b√∫squeda de Asesores Comerciales Freelance (comisionistas) para el manejo de campa√±as de promoci√≥n y venta de productos intangibles.   Modalidad:  - Teletraba‚Ä¶
DOCENTE DEL AREA DE INGLES,Bridford,"Quito, Pichincha",1,"Esta es tu oportunidad, estamos en b√∫squeda de docente de ingl√©s en Quito, solo debes contar con nivel de ingl√©s avanzado (C1), ser profesional en Lenguas modernas o carreras a fin‚Ä¶"
VENDEDOR,PRISCILA FLORES C.,"Cuenca, Azuay",1,"En Clorid   requerimos vendedor proactivo para la regi√≥n costa (Guayas) y sierra (Quito -Cuenca) en nuestro departamento de ventas, con buena presencia, iniciativa propia y ganas d‚Ä¶"
Oficial de Negocios Orellana,N/A,"Quito, Pichincha",1,"Descripci√≥n * ORELLANA   Realizar la venta de los productos y servicios ofertados por la instituci√≥n, as√≠ como la recuperaci√≥n de cartera, cumpliendo con los presupuestos asignados‚Ä¶"
Asesores Internacionales para Seguros de Vida e Inversiones,BMI COMPANIES ASESORES,"Quito, Pichincha",1,Se solicitan ASESORES COMERCIALES Freelance‚Ä¶
ASESOR DE CR√âDITO - SALCEDO,INSOTEC,"Salcedo, Cotopaxi",1,"Tipo de Contrataci√≥n Tiempo Completo   Descripci√≥n de la Plaza Importante Instituci√≥n de micro cr√©dito, est√° en la b√∫squeda de ASESOR DE CR√âDITO - PELILEO   Funci√≥n Principal:  Pro‚Ä¶"
COORDINADOR DE AGRONEGOCIOS - CUMAND√Å,Cooperativa de Ahorro y Credito Lucha Campesina,"Cumand√°, Chimborazo",1,La Cooperativa de Ahorro y Cr√©dito Lucha Campesina certificada por Great Place to Work¬Ærequiere integrar a su equipo un Coordinador de Agronegocios para el cant√≥n Cumand√° a tiempo ‚Ä¶
EJECUTIVO DE VENTAS 2021,PERFORMIA,"Quito, Pichincha",1,"Importante empresa de capacitaci√≥n, busca incorporar a su staff un   EJECUTIVO DE VENTAS para la venta de seminarios de capacitaci√≥n.   En este trabajo debes tener una excelente co‚Ä¶"
VENDEDOR JUNIOR ( Ayudante de Reparto ) - IMBABURA,ARCA ECUADOR.,"Otavalo, Imbabura",1,"IMPORTANTE EMPRESA MULTINACIONAL DE CONSUMO MASIVO REQUIERE INCORPORAR A SU EQUIPO DE TRABAJO:   Ayudante de Reparto   PRINCIPALES FUNCIONES:   ""Cumplir con la programaci√≥n de las ‚Ä¶"
Asesor Telef√≥nico de Ventas GYE,American Call Center,"Guayaquil, Guayas",1,Empresa de servicios se encuentra en la b√∫squeda de Asesores de Ventas Telef√≥nicos para Guayaquil.   Condiciones de la vacante:   - Horario de trabajo de 3.5 horas diarias de Lunes‚Ä¶
Administrador de local - Operativos,SWEET & COFFEE,"Guayaquil, Guayas",1,"Nos encontramos en la busqueda de personal con excelente direcci√≥n de equipos de trabajo, y optima capacidad de organizaci√≥n para el cargo Administrador de local- Operativos que cu‚Ä¶"
ASESOR DE CREDITO - PELILEO,INSOTEC,"Pelileo, Tungurahua",1,"Tipo de Contrataci√≥n Tiempo Completo   Descripci√≥n de la Plaza Importante Instituci√≥n de micro cr√©dito, est√° en la b√∫squeda de ASESOR DE CR√âDITO - PELILEO   Funci√≥n Principal:  Pro‚Ä¶"
Empresa multilatina requiere personal en modalidad home office,F&E ECUATORIANA S.A.,"Quito, Pichincha",1,"Empresa multilatina dedicada a la ense√±anza del idioma ingles solicita para su equipo de trabajo asesores comerciales con o sin experiencia, desempe√±√°ndose en modalidad home office‚Ä¶"
Gestor de Cobranzas-Freelance,Celular One,"Guayaquil, Guayas",1,Tipo de Contrataci√≥n Freelance   Descripci√≥n de la Plaza Requiere contratar:  EJECUTIVO/A DE COBRANZAS GUAYAQUIL - FREELANCE   Modalidad teletrabajo   Perfil:   Experiencia m√≠nima ‚Ä¶
POLIFUNCIONAL COCINA Y CAJA PARA LOCALES DE COMIDA RAPIDA- ( NORTE-SUR Y VALLES),MB MAYFLOWER BUFFALOS,"Quito, Pichincha",1,GRUPO MAYFLOWER-BUFFALOS busca contratar para sus locales de comida rapida personal para caja y cocina. (SUR- NORTE DE QUITO Y VALLES)   Responsabilidades para el cargo de COCINA S‚Ä¶
Desarrollador de Negocios Machala,Cervecer√≠a Nacional,"Machala, El Oro",1,"¬°Queremos unir a la gente por un mundo mejor y que seas parte de este Sue√±o! Por eso, te invitamos a postular a la empresa cervecera m√°s grande del mundo:   DESARROLLADOR DE NEGOCI‚Ä¶"
Asistente Contable e Importaciones,Silvia Bohorquez,"Guayaquil, Guayas",1,"Para Microempresa, en el √°rea de:  Servicios administrativos *Tesorer√≠a y realizar conciliaciones bancarias, conciliaciones de cr√©dito. * Ingresos de facturas electr√≥nicas y f√≠sica‚Ä¶"
T√©cnico en Aseguramiento de Calidad Con experiencia en medicamentos,N/A,"Quito, Pichincha",0,Descripci√≥n * Por fravor aplicar quienes cumplan con el Perfil:   Profesionales en: Qu√≠mica farmac√©utica o Bioqu√≠mico Farmac√©utico   EXPERIENCIA: M√≠nimo 1 a√±o de experiencia en Ase‚Ä¶
ASESOR COMERCIAL,N/A,"Quito, Pichincha",0,Acerca del anuncio   Perfil:   Bachilleres o con estudios universitarios.   Experiencia en ventas de servicios de telefon√≠a m√≥vil (No Indispensable).   Conocimientos en herramienta‚Ä¶
COORDINADOR COMERCIAL DE FLOTAS,N/A,"Quito, Pichincha",0,"Acerca del anuncio   Prestigiosa empresa del sector Automotriz, requiere vincular a su equipo de trabajo a un COORDINADOR COMERCIAL DE FLOTAS para la ciudad de Quito   Requisitos: ‚Ä¶"
ASESOR COMERCIAL,N/A,"Sangolqui, Pichincha",0,"Acerca del anuncio   Importante empresa requiere contratar los servicios de un asesor comercial para la ciudad de Quito, el funcionario deber√° comercializar los productos de la emp‚Ä¶"
TECNICO EN PANIFICACI√ìN,N/A,"Quito, Pichincha",0,Acerca del anuncio   SE REQUIERE T√âCNICO EN PANIFICACI√ìN CON AMPLIOS CONOCIMIENTOS EN PANADERIA Y PASTELERIA   Debe contar con estudios y experiencia. Solo ser√°n tomados en cuenta ‚Ä¶
"Responsable del √°rea contable. Contador General buena actitud, anal√≠tico, proactivo",N/A,"Quito, Pichincha",0,"Descripci√≥n * Importante empresa del sector salud, requiere incorporar un Contador General con experiencia previa comprobable.   - Establecer los procedimientos para la gesti√≥n de ‚Ä¶"
Chofer Tipo E para Tr√°iler,N/A,"Guayaquil, Guayas",0,Acerca del anuncio   Se solicita conductor de traier con licencia tipo E para trabajar en la zona banadera y que tenga conocimientos de los puerto.   Favor dejar su hoja de vida ac‚Ä¶
EMPRESA FLORICOLA UBICADA EN TABACUNDO,N/A,"Tabacundo, Pichincha",1,Acerca del anuncio   Importante Empresa Flor√≠cola  Requiere contratar:  ASISTENTE CONTABLE   Que cumpla el siguiente perfil:  Experiencia m√≠nima de 2 a√±os en el cargo  Egresado o e‚Ä¶
Pasante o Arquitecto Junior,N/A,"Quito, Pichincha",1,Acerca del anuncio   Compa√±√≠a constructora requiere un pasante de arquitectura (estudiante de ultimo a√±o) o un arquitecto junior para realizar asistencia al equipo t√©cnico en la ej‚Ä¶
DIRECTOR DE AUTOEVALUACI√ìN INSTITUCIONAL,N/A,"Quito, Pichincha",1,Universidad de excelencia con presencia en la Sierra del Ecuador.   Planificar y ejecutar el proceso de autoevaluaci√≥n y acreditaci√≥n institucional en sus diferentes √°mbitos admini‚Ä¶
ADMINISTRADOR/A DE BASE DE DATOS QUITO,N/A,"Quito, Pichincha",1,¬°√öNETE A NUESTRO EQUIPO DE TECNOLOG√çA!   Instituci√≥n financiera selecciona para la ciudad de Quito un/a Administrador/a de base de datos.   La persona seleccionada tendr√° la misi√≥n‚Ä¶
ASESORES INMOBILIARIOS,N/A,"Quito, Pichincha",1,"Importante Empresa Inmobiliaria requiere incorporar a su equipo 5 Asesores inmobiliarios que ser√°n responsables de: Captar clientes potenciales para la venta de bienes ra√≠ces, Conc‚Ä¶"
EMPRESA BUSCA PERSONAL PUERTA A PUERTA,EDICIONES MILMAR,Guayas,1,Tipo de Contrataci√≥n Medio Tiempo   Descripci√≥n de la Plaza EMPRESA BUSCA 6 VENDEDORES PUERTA A PUERTA Y 3 SUPERVISORAS DE VENTAS PARA PUERTA A PUERTA.   3 CALL CENTER CON EXPERIEN‚Ä¶
TRADER SR MERCADO DE CAPITALES,N/A,"Quito, Pichincha",1,"En Banco Pichincha nos estamos transformando; por eso, queremos incorporar el mejor talento a nuestro equipo. Buscamos profesionales amantes de la innovaci√≥n, la tecnolog√≠a y el mu‚Ä¶"
ADMINISTRADOR/A DE INFRAESTRUCTURA QUITO,N/A,"Quito, Pichincha",1,¬°√öNETE A NUESTRO EQUIPO DE TECNOLOG√çA!   Instituci√≥n financiera selecciona para la ciudad de Quito un/a Administrador/a de Infraestructura   La persona seleccionada tendr√° la misi√≥‚Ä¶
DIRECTOR DE AUTOEVALUACI√ìN INSTITUCIONAL,N/A,"Quito, Pichincha",1,Universidad de excelencia con presencia en la Sierra del Ecuador.   Planificar y ejecutar el proceso de autoevaluaci√≥n y acreditaci√≥n institucional en sus diferentes √°mbitos admini‚Ä¶
Asistente de Planeaci√≥n de la Demanda para la ciudad de Guayaquil,N/A,"Guayaquil, Guayas",1,Somos la empresa con mayor crecimiento en la industria retail de electrodom√©sticos y estamos siempre a la vanguardia en innovaci√≥n y nuevos desaf√≠os.   Es por eso que buscamos tale‚Ä¶
SUPERVISOR DE BODEGA Y LOGISTICA GUAYAQUIL,N/A,"Guayaquil, Guayas",1,Se encargar√° de dar soporte a la gerencia de bodegas en el ambito de logistica y personal.‚Ä¶
Pasante de procesos y proyectos,N/A,"Quito, Pichincha",1,"MISI√ìN   Satisfacer las necesidades de los clientes con productos de calidad al mejor precio y con el mejor servicio; generando fuentes de trabajo, crecimiento de nuestros colabora‚Ä¶"
GESTOR DE COBRANZAS - TENA,N/A,"Tena, Napo",1,"Debido a la exigente demanda y competitividad del mundo actual, constantemente nos encontramos en la b√∫squeda de profesionales que se caractericen por su sentido de liderazgo, proa‚Ä¶"
ASESOR DE REPUESTOS EXTERNO ZONA MANABI,N/A,"Portoviejo, Manab√≠",1,IMPORTANTE DEL SECTOR AUTOMOTRIZ SE ENCUENTRA EN LA B√öSQUEDA DE UN ASESOR COMERCIAL DE REPUESTOS PARA MANABI   MISION:   Atender y comprender las necesidades y requerimientos de re‚Ä¶
DISE√ëADOR UX - COPIA,N/A,"Quito, Pichincha",1,"En Banco Pichincha nos estamos transformando. M√°s de 113 a√±os de trayectoria, nos ratifican que contar con el mejor talento humano es imprescindible para lograr nuestros objetivos.‚Ä¶"
COORDINADOR DE SERVICIOS GENERALES,N/A,"Quito, Pichincha",1,Multinacional busca incorporar a su equipo un administrador de servicios al personal con titulo de tercer en nivel en carreras como; administracion y finanzas e ingenieria comercia‚Ä¶
AUDITOR FISCALIZADOR DE OBRAS DE CONSTRUCCION Y MANTENIMIENTO GENERAL,N/A,"Quito, Pichincha",1,"MISION DEL CARGO: Salvaguardar las inversiones efectuadas por la instituci√≥n, realizando la fiscalizaci√≥n y control en cuanto a la ejecuci√≥n de proyectos y obras, contribuyendo ade‚Ä¶"
GESTOR DE COBRANZAS - EL CHACO,N/A,"El Chaco, Napo",1,"Debido a la exigente demanda y competitividad del mundo actual, constantemente nos encontramos en la b√∫squeda de profesionales que se caractericen por su sentido de liderazgo, proa‚Ä¶"
T√©cnico El√©ctrico Industrial,N/A,"Guayaquil, Guayas",1,"Se necesita, t√©cnico el√©ctrico industrial con conocimientos en automatizaci√≥n, solucionar problemas el√©ctricos en equipos industriales ""No es indispensable programaci√≥n de PLC"", Di‚Ä¶"
(QUITO) Polifuncional en Franquicia internacional de dulces y bebidas,N/A,"Guayaquil, Guayas",1,AHORA CONTRATANDO   Tiempo completo / Tiempo parcial para Franquicia de Alimentos / Dulces   Miembros del equipo para inicio inmediato:   El equipo de trabajo ofrece excelentes y a‚Ä¶
Cajero,N/A,"Machala, El Oro",1,"Un trabajo se considera como un segundo hogar, por el tiempo que compartimos, las risas y el apoyo mutuo para conseguir un mismo objetivo.   Te invitamos a ser parte de la Cooperat‚Ä¶"
AUDITOR DE INVENTARIOS Y ACTIVOS,N/A,"Quito, Pichincha",1,"REPORTA A: AUDITOR INTERNO DE LA EMPRESA   MISI√ìN DEL CARGO: Administrar y controlar los activos fijos y el manejo y control de inventarios de la instituci√≥n, brindando apoyo en la‚Ä¶"
OFICIAL DE NEGOCIOS (RIOBAMBA),N/A,"Riobamba, Chimborazo",1,"Brindar un servicio de promoci√≥n y an√°lisis de recursos financieros a clientes en zonas rurales, incrementando el n√∫mero de clientes y la cartera asignada y la recuperaci√≥n de la m‚Ä¶"
T√âCNICO EN SSO - CAYAMBE,N/A,"Cayambe, Pichincha",1,Empresa ubicada en Cayambe requiere contratar por medio tiempo un T√©cnico de Seguridad y Salud Ocupacional con los siguientes requerimientos:   ¬∑Formaci√≥n acad√©mica: 3er Nivel o Ma‚Ä¶
ENCARGADO DE TIENDA / QUITO,N/A,"Quito, Pichincha",1,"Nos encontramos en la b√∫squeda de un Administrador de Tienda con afinidad por la moda tendencia y colores, a continuaci√≥n, se detalla la informaci√≥n requerida para el cargo:   PERF‚Ä¶"
AUXILIAR DE REPARTO CON LICENCIA TIPO E (SUR DE QUITO),N/A,"Quito, Pichincha",1,Importante Industria de Alimentos se encuentra en la b√∫squeda de AUXILIARES DE REPARTO para la ciudad de Quito.   Formaci√≥n:   Bachilleres    Perfil:   Experiencia m√≠nima de 6 mese‚Ä¶
PROMOTORA DE MARCA COMANDO - QUITO,N/A,"Quito, Pichincha",1,Importante empresa del sector ferretero desea incorporar a su equipo de trabajo una PROMOTORA con experiencia para la marca COMANDO en Quito   Perfil   Femenina   22 a 30 a√±os   Bu‚Ä¶
ANALISTA CONTABLE,N/A,"Quito, Pichincha",1,"Importante empresa del sector automotriz, se encuentra en b√∫squeda de un Analista Contable, para la sucursal de Quito.   Funciones:   ¬∑ Registrar oportunamente los movimientos y tr‚Ä¶"
TRABAJADOR SOCIAL EN QUITO,N/A,"Quito, Pichincha",1,"Una de las empresas mas importantes a nivel mundial, busca incorporar a su equipo de trabajo a un Trabajador Social para la ciudad de Guayaquil, a continuaci√≥n el perfil requerido:‚Ä¶"
