"Finance, Accounting and Banking freelancer",Livingston Research,Ecuador,17
AYUDANTE DE BODEGA,TuPortalEmpleo,Guayaquil,3
Recepcionista.,Th Competencia,Pichincha,1
Bodeguero,Seidlaboratory Cía. Ltda.,Quito,1
Para Bachiller,Cooperativa Jep,Pichincha,9
BODEGUERO,GINAFRUIT S.A,Simon Bolivar,4
Recepcionista,Un Mejor Empleo,Pichincha,3
Personal de Limpieza,MULTICINES S.A.,Guayaquil,16
Recepcionista,El Hotel Mark,Pichincha,8
Recepcionista,Diario El Universo,Guayas,13
Recepcionista,N/A,Pichincha,11
Ayudante de Bodega,TELCONET LATAM,Quito,11
Bodeguero,Seidlaboratory Cía. Ltda.,Pichincha,1
Recepcionista,N/A,Pichincha,11
Personal,Diario El Universo,Guayas,9
Personal Aseo.,Sidealtcomp,Quito,13
Bodeguero,Diario El Universo,Guayas,6
Solicitamos Personal,Diario El Universo,Guayas,7
Recepcionista.,Termas de Papallacta S.A.,Quijos,20
Auxiliar de bodega.,Just-Link,Guayaquil,6
Personal...,Diario El Universo,Guayas,10
Recepcionista,Diario El Universo,Guayas,13
Bodeguero Archivador,Daz Consulting,Manabí,7
CAJERO,COOPERATIVA PANAMERICANA INTERNACIONAL,Manta,17
Personal Para...,Diario El Universo,Guayas,13
Ayudante de Bodega.,Construgypsum Cia. Ltda,Cuenca,10
Recepcionista de hotel,Novotel Cusco,Santiago,7
Cajero Guayaquil.,Cooperativa Jep,Guayas,4
Ayudante De...,Diario El Universo,Guayas,13
Auxiliar de bodega.,Laar Cuorier Express,Cuenca,6
Coordinador De Bodega,N/A,Pichincha,2
Personal Para Oficina,Diario El Universo,Guayas,7
ASISTENTE DE BODEGA,TuPortalEmpleo,Guayaquil,13
Contratación...,Diario El Universo,Guayas,13
Personal,Diario El Universo,Guayas,13
Vendedor/Bodeguero,Contalex,Azuay,1
Personal Para...,Diario El Universo,Guayas,13
CAJERO,TuPortalEmpleo,Guayaquil,10
Jefe de Bodega.,Importante empresa del sector retail,Guayaquil,6
Contratación...,Diario El Universo,Guayas,12
Personal...,Diario El Universo,Guayas,10
Recepcionista,Diario El Universo,Guayas,13
Bodeguero Archivador,Daz Consulting,Manabí,7
CAJERO,COOPERATIVA PANAMERICANA INTERNACIONAL,Manta,17
Personal Para...,Diario El Universo,Guayas,13
Ayudante de Bodega.,Construgypsum Cia. Ltda,Cuenca,10
Recepcionista de hotel,Novotel Cusco,Santiago,7
Cajero Guayaquil.,Cooperativa Jep,Guayas,4
Ayudante De...,Diario El Universo,Guayas,13
Auxiliar de bodega.,Laar Cuorier Express,Cuenca,6
Coordinador De Bodega,N/A,Pichincha,2
Personal Para Oficina,Diario El Universo,Guayas,7
ASISTENTE DE BODEGA,TuPortalEmpleo,Guayaquil,13
Contratación...,Diario El Universo,Guayas,13
Personal,Diario El Universo,Guayas,13
Vendedor/Bodeguero,Contalex,Azuay,1
Personal Para...,Diario El Universo,Guayas,13
CAJERO,TuPortalEmpleo,Guayaquil,10
Jefe de Bodega.,Importante empresa del sector retail,Guayaquil,6
Contratación...,Diario El Universo,Guayas,12
Auxiliar De...,Diario El Universo,Guayas,13
Administrativo Recepcionista,Instituto Técnico Superior Libertad,Manabí,15
Cajero Chone,TRANSACMUND,Chone,5
SE REQUIERE PERSONAL PARA VENTAS,Confidencial,Guayaquil,10
Ventas Bachiller,Grupowc,Manabí,7
Recepcionista Asistente Recepcionista.,Instrupetrol,Pichincha,16
BODEGUERO,TuPortalEmpleo,Guayaquil,24
Se Necesita Personal De Trabajo,N/A,Pichincha,11
Bodeguero Polifuncional,Un Mejor Empleo,El Oro,13
Vacante Laboral,TuPortalEmpleo,Guayaquil,25
Cajero El Coral,Diario El Universo,Guayas,4
Oferta Laboral,N/A,Pichincha,15
Auxiliar De Bodega.,Laar Cuorier Express,Cotopaxi,16
Se Requiere Personal En Ventas,N/A,Pichincha,11
Vendedor Para Floricola,N/A,Pichincha,1
Bodeguero:Ventas,N/A,Pichincha,8
Cajero/a La Troncal.,Cooperativa Jep,La Troncal,6
Personal De Pulido,Diario El Universo,Guayas,13
Secretaria De Ventas,Hdm Eqluitécnica Cía. Ltda.,Pichincha,3
Pasantes Para Varias Áreas,Tipti S.A.,Pichincha,14
Personal...,Diario El Universo,Guayas,10
Recepcionista,Diario El Universo,Guayas,13
Bodeguero Archivador,Daz Consulting,Manabí,7
CAJERO,COOPERATIVA PANAMERICANA INTERNACIONAL,Manta,17
Personal Para...,Diario El Universo,Guayas,13
Ayudante de Bodega.,Construgypsum Cia. Ltda,Cuenca,10
Recepcionista de hotel,Novotel Cusco,Santiago,7
Cajero Guayaquil.,Cooperativa Jep,Guayas,4
Ayudante De...,Diario El Universo,Guayas,13
Auxiliar de bodega.,Laar Cuorier Express,Cuenca,6
Coordinador De Bodega,N/A,Pichincha,2
Personal Para Oficina,Diario El Universo,Guayas,7
ASISTENTE DE BODEGA,TuPortalEmpleo,Guayaquil,13
Contratación...,Diario El Universo,Guayas,13
Personal,Diario El Universo,Guayas,13
Vendedor/Bodeguero,Contalex,Azuay,1
Personal Para...,Diario El Universo,Guayas,13
CAJERO,TuPortalEmpleo,Guayaquil,10
Jefe de Bodega.,Importante empresa del sector retail,Guayaquil,6
Contratación...,Diario El Universo,Guayas,12
Auxiliar De...,Diario El Universo,Guayas,13
Administrativo Recepcionista,Instituto Técnico Superior Libertad,Manabí,15
Cajero Chone,TRANSACMUND,Chone,5
SE REQUIERE PERSONAL PARA VENTAS,Confidencial,Guayaquil,10
Ventas Bachiller,Grupowc,Manabí,7
Recepcionista Asistente Recepcionista.,Instrupetrol,Pichincha,16
BODEGUERO,TuPortalEmpleo,Guayaquil,24
Se Necesita Personal De Trabajo,N/A,Pichincha,11
Bodeguero Polifuncional,Un Mejor Empleo,El Oro,13
Vacante Laboral,TuPortalEmpleo,Guayaquil,25
Cajero El Coral,Diario El Universo,Guayas,4
Oferta Laboral,N/A,Pichincha,15
Auxiliar De Bodega.,Laar Cuorier Express,Cotopaxi,16
Se Requiere Personal En Ventas,N/A,Pichincha,11
Vendedor Para Floricola,N/A,Pichincha,1
Bodeguero:Ventas,N/A,Pichincha,8
Cajero/a La Troncal.,Cooperativa Jep,La Troncal,6
Personal De Pulido,Diario El Universo,Guayas,13
Secretaria De Ventas,Hdm Eqluitécnica Cía. Ltda.,Pichincha,3
Pasantes Para Varias Áreas,Tipti S.A.,Pichincha,14
Empleo En Guayaquil,Tiptopjob,Guayas,13
Personal Para Ventas,Un Mejor Empleo,Pichincha,13
Personal Discapacitado.,Digeca S.A.,Guayaquil,12
Ayudante de bodega,AGRIPAC S.A.,Sangolqui,19
Auxiliar De Limpieza,Casalimpia,Pichincha,1
AUXILIAR DE LIMPIEZA,GINSBERG S.A.,Quito,9
SE NECESITA PERSONAL PARA TRABAJAR,Bebuu,Quito,Hace
Auxiliar de limpieza,N/A,Guayaquil,6
se busca personal para trabajo inmediato pagos de ...,Bebuu,Portoviejo,7
AUXILIAR DE BODEGA,BIOGRUPO,Durán,19
Despachador/A Para Gasolinera.,Estacion De Servicios Reina Del Quinche Mas Gas,Pichincha,18
Ayudante De Bodega,N/A,Pichincha,20
Auxiliar De Limpieza,N/A,Pichincha,5
Secretaria recepcionista Secretaria.,ITESUT,Loja,20
Auxiliar De...,Diario El Universo,Guayas,13
Cajera/Recepcionista Multifunción.,Finas Fragancias,Guayas,4
Operario,N/A,Pichincha,11
AUXILIAR DE LIMPIEZA,TuPortalEmpleo,Guayaquil,10
Bodeguero Experiencia Comprobada.,Matemás Ambato,Tungurahua,2
PERSONAL PARA EL AREA TECNICA,SOLINTECE CIA LTDA,Rumiñahui,4
Personal...,Diario El Universo,Guayas,10
Recepcionista,Diario El Universo,Guayas,13
Bodeguero Archivador,Daz Consulting,Manabí,7
CAJERO,COOPERATIVA PANAMERICANA INTERNACIONAL,Manta,17
Personal Para...,Diario El Universo,Guayas,13
Ayudante de Bodega.,Construgypsum Cia. Ltda,Cuenca,10
Recepcionista de hotel,Novotel Cusco,Santiago,7
Cajero Guayaquil.,Cooperativa Jep,Guayas,4
Ayudante De...,Diario El Universo,Guayas,13
Auxiliar de bodega.,Laar Cuorier Express,Cuenca,6
Coordinador De Bodega,N/A,Pichincha,2
Personal Para Oficina,Diario El Universo,Guayas,7
ASISTENTE DE BODEGA,TuPortalEmpleo,Guayaquil,13
Contratación...,Diario El Universo,Guayas,13
Personal,Diario El Universo,Guayas,13
Vendedor/Bodeguero,Contalex,Azuay,1
Personal Para...,Diario El Universo,Guayas,13
CAJERO,TuPortalEmpleo,Guayaquil,10
Jefe de Bodega.,Importante empresa del sector retail,Guayaquil,6
Contratación...,Diario El Universo,Guayas,12
Auxiliar De...,Diario El Universo,Guayas,13
Administrativo Recepcionista,Instituto Técnico Superior Libertad,Manabí,15
Cajero Chone,TRANSACMUND,Chone,5
SE REQUIERE PERSONAL PARA VENTAS,Confidencial,Guayaquil,10
Ventas Bachiller,Grupowc,Manabí,7
Recepcionista Asistente Recepcionista.,Instrupetrol,Pichincha,16
BODEGUERO,TuPortalEmpleo,Guayaquil,24
Se Necesita Personal De Trabajo,N/A,Pichincha,11
Bodeguero Polifuncional,Un Mejor Empleo,El Oro,13
Vacante Laboral,TuPortalEmpleo,Guayaquil,25
Cajero El Coral,Diario El Universo,Guayas,4
Oferta Laboral,N/A,Pichincha,15
Auxiliar De Bodega.,Laar Cuorier Express,Cotopaxi,16
Se Requiere Personal En Ventas,N/A,Pichincha,11
Vendedor Para Floricola,N/A,Pichincha,1
Bodeguero:Ventas,N/A,Pichincha,8
Cajero/a La Troncal.,Cooperativa Jep,La Troncal,6
Personal De Pulido,Diario El Universo,Guayas,13
Secretaria De Ventas,Hdm Eqluitécnica Cía. Ltda.,Pichincha,3
Pasantes Para Varias Áreas,Tipti S.A.,Pichincha,14
Empleo En Guayaquil,Tiptopjob,Guayas,13
Personal Para Ventas,Un Mejor Empleo,Pichincha,13
Personal Discapacitado.,Digeca S.A.,Guayaquil,12
Ayudante de bodega,AGRIPAC S.A.,Sangolqui,19
Auxiliar De Limpieza,Casalimpia,Pichincha,1
AUXILIAR DE LIMPIEZA,GINSBERG S.A.,Quito,9
SE NECESITA PERSONAL PARA TRABAJAR,Bebuu,Quito,Hace
Auxiliar de limpieza,N/A,Guayaquil,6
se busca personal para trabajo inmediato pagos de ...,Bebuu,Portoviejo,7
AUXILIAR DE BODEGA,BIOGRUPO,Durán,19
Despachador/A Para Gasolinera.,Estacion De Servicios Reina Del Quinche Mas Gas,Pichincha,18
Ayudante De Bodega,N/A,Pichincha,20
Auxiliar De Limpieza,N/A,Pichincha,5
Secretaria recepcionista Secretaria.,ITESUT,Loja,20
Auxiliar De...,Diario El Universo,Guayas,13
Cajera/Recepcionista Multifunción.,Finas Fragancias,Guayas,4
Operario,N/A,Pichincha,11
AUXILIAR DE LIMPIEZA,TuPortalEmpleo,Guayaquil,10
Bodeguero Experiencia Comprobada.,Matemás Ambato,Tungurahua,2
PERSONAL PARA EL AREA TECNICA,SOLINTECE CIA LTDA,Rumiñahui,4
Auxiliar De Bodega Quito.,Velez Garzon Isabel Veronica,Pichincha,9
Auxiliar De Limpieza.,Diario El Universo,Guayas,6
Auxiliar De Bodega,N/A,Pichincha,20
Bodeguero,N/A,Guayaquil,Hace
Personal Ambos Sexos,Diario El Universo,Guayas,9
URGENTE!!! PERSONAL PARA VARIAS AREAS,NEW,Quito,24
Ayudante De Cocina,Café Bombon'S,Guayas,1
AUXILIAR DE FARMACIA,FARMACIAS VIDA,Guayas,9
Auxiliar De Farmacia,N/A,Pichincha,5
Cajero Quto,Cooperativa Jep,Manabí,9
Ayudante de Cocina,Swiss Corner,Quito,11
Auxiliar De Enfermeria,Italimentos Cía. Ltda.,Azuay,1
Bachiller En Contabilidad,Gedatecu Sa,Manabí,17
CAJERA,Disther C. Ltda.,Guayaquil,12
Contratación Inmediata Bonchadores Y Clasificadores,Un Mejor Empleo,Pichincha,13
Solicitamos Personal Con O Sin Experiencia,N/A,Guayas,7
Cajero Administrador,Un Mejor Empleo,Esmeraldas,13
Empresa Busca Personal Puerta A Puerta,Un Mejor Empleo,Guayas,2
Auxiliar De Bodega Con Experiencia.,Ifce Cimentaciones,Guayas,4
Asistente Personal Virtual,Top Adventures Ecuador,Pichincha,9
Personal...,Diario El Universo,Guayas,10
Recepcionista,Diario El Universo,Guayas,13
Bodeguero Archivador,Daz Consulting,Manabí,7
CAJERO,COOPERATIVA PANAMERICANA INTERNACIONAL,Manta,17
Personal Para...,Diario El Universo,Guayas,13
Ayudante de Bodega.,Construgypsum Cia. Ltda,Cuenca,10
Recepcionista de hotel,Novotel Cusco,Santiago,7
Cajero Guayaquil.,Cooperativa Jep,Guayas,4
Ayudante De...,Diario El Universo,Guayas,13
Auxiliar de bodega.,Laar Cuorier Express,Cuenca,6
Coordinador De Bodega,N/A,Pichincha,2
Personal Para Oficina,Diario El Universo,Guayas,7
ASISTENTE DE BODEGA,TuPortalEmpleo,Guayaquil,13
Contratación...,Diario El Universo,Guayas,13
Personal,Diario El Universo,Guayas,13
Vendedor/Bodeguero,Contalex,Azuay,1
Personal Para...,Diario El Universo,Guayas,13
CAJERO,TuPortalEmpleo,Guayaquil,10
Jefe de Bodega.,Importante empresa del sector retail,Guayaquil,6
Contratación...,Diario El Universo,Guayas,12
Auxiliar De...,Diario El Universo,Guayas,13
Administrativo Recepcionista,Instituto Técnico Superior Libertad,Manabí,15
Cajero Chone,TRANSACMUND,Chone,5
SE REQUIERE PERSONAL PARA VENTAS,Confidencial,Guayaquil,10
Ventas Bachiller,Grupowc,Manabí,7
Recepcionista Asistente Recepcionista.,Instrupetrol,Pichincha,16
BODEGUERO,TuPortalEmpleo,Guayaquil,24
Se Necesita Personal De Trabajo,N/A,Pichincha,11
Bodeguero Polifuncional,Un Mejor Empleo,El Oro,13
Vacante Laboral,TuPortalEmpleo,Guayaquil,25
Cajero El Coral,Diario El Universo,Guayas,4
Oferta Laboral,N/A,Pichincha,15
Auxiliar De Bodega.,Laar Cuorier Express,Cotopaxi,16
Se Requiere Personal En Ventas,N/A,Pichincha,11
Vendedor Para Floricola,N/A,Pichincha,1
Bodeguero:Ventas,N/A,Pichincha,8
Cajero/a La Troncal.,Cooperativa Jep,La Troncal,6
Personal De Pulido,Diario El Universo,Guayas,13
Secretaria De Ventas,Hdm Eqluitécnica Cía. Ltda.,Pichincha,3
Pasantes Para Varias Áreas,Tipti S.A.,Pichincha,14
Empleo En Guayaquil,Tiptopjob,Guayas,13
Personal Para Ventas,Un Mejor Empleo,Pichincha,13
Personal Discapacitado.,Digeca S.A.,Guayaquil,12
Ayudante de bodega,AGRIPAC S.A.,Sangolqui,19
Auxiliar De Limpieza,Casalimpia,Pichincha,1
AUXILIAR DE LIMPIEZA,GINSBERG S.A.,Quito,9
SE NECESITA PERSONAL PARA TRABAJAR,Bebuu,Quito,Hace
Auxiliar de limpieza,N/A,Guayaquil,6
se busca personal para trabajo inmediato pagos de ...,Bebuu,Portoviejo,7
AUXILIAR DE BODEGA,BIOGRUPO,Durán,19
Despachador/A Para Gasolinera.,Estacion De Servicios Reina Del Quinche Mas Gas,Pichincha,18
Ayudante De Bodega,N/A,Pichincha,20
Auxiliar De Limpieza,N/A,Pichincha,5
Secretaria recepcionista Secretaria.,ITESUT,Loja,20
Auxiliar De...,Diario El Universo,Guayas,13
Cajera/Recepcionista Multifunción.,Finas Fragancias,Guayas,4
Operario,N/A,Pichincha,11
AUXILIAR DE LIMPIEZA,TuPortalEmpleo,Guayaquil,10
Bodeguero Experiencia Comprobada.,Matemás Ambato,Tungurahua,2
PERSONAL PARA EL AREA TECNICA,SOLINTECE CIA LTDA,Rumiñahui,4
Auxiliar De Bodega Quito.,Velez Garzon Isabel Veronica,Pichincha,9
Auxiliar De Limpieza.,Diario El Universo,Guayas,6
Auxiliar De Bodega,N/A,Pichincha,20
Bodeguero,N/A,Guayaquil,Hace
Personal Ambos Sexos,Diario El Universo,Guayas,9
URGENTE!!! PERSONAL PARA VARIAS AREAS,NEW,Quito,24
Ayudante De Cocina,Café Bombon'S,Guayas,1
AUXILIAR DE FARMACIA,FARMACIAS VIDA,Guayas,9
Auxiliar De Farmacia,N/A,Pichincha,5
Cajero Quto,Cooperativa Jep,Manabí,9
Ayudante de Cocina,Swiss Corner,Quito,11
Auxiliar De Enfermeria,Italimentos Cía. Ltda.,Azuay,1
Bachiller En Contabilidad,Gedatecu Sa,Manabí,17
CAJERA,Disther C. Ltda.,Guayaquil,12
Contratación Inmediata Bonchadores Y Clasificadores,Un Mejor Empleo,Pichincha,13
Solicitamos Personal Con O Sin Experiencia,N/A,Guayas,7
Cajero Administrador,Un Mejor Empleo,Esmeraldas,13
Empresa Busca Personal Puerta A Puerta,Un Mejor Empleo,Guayas,2
Auxiliar De Bodega Con Experiencia.,Ifce Cimentaciones,Guayas,4
Asistente Personal Virtual,Top Adventures Ecuador,Pichincha,9
Administrativoa Recepcionista Hotel,Surediagnostics Cia. Ltda.,Manabí,9
Bodega Cargador,N/A,Pichincha,7
Bachiller En Ciencias Sociale,Nestle,Guayas,9
Ayudante De Ventas,Diario El Universo,Pichincha,6
SUPERVISOR DE BODEGA,TuPortalEmpleo,Guayaquil,24
Ayudante Carpintero,Distribuidora Oroplast,Manabí,9
Encargado/a de bodega Encargado de Bodega y Compras.,SEING PROAÑO Cia. Ltda.,Quito,10
Auxiliar De Farmacia,Farmacias Santa Martha,Imbabura,1
Cajera,N/A,Pichincha,8
Cajero/A Cuenca.,Cooperativa Jep,Azuay,18
Cajero/A Quevedo.,Cooperativa Jep,Los Ríos,18
Auxiliar De Procesos,N/A,Guayas,4
Operario Cortador Y Digitador,Un Mejor Empleo,Pichincha,9
Ayudante De Bodega Con Experiencia,N/A,Pichincha,11
Ayudante De Calidad,N/A,Pichincha,10
Tuti Guayaquil,Samadi Guayaquil,Guayas,9
Operario De Detailing,Un Mejor Empleo,Pichincha,7
Vendedora O Vendedor Para Multinacional Ecuador,N/A,Pichincha,8
Bodeguero,GLOW BEAUTY BAR,Guayaquil,Hace
Ayudante Para Producción,Koinobori Cia. Ltda.,Manabí,11
Personal...,Diario El Universo,Guayas,10
Recepcionista,Diario El Universo,Guayas,13
Bodeguero Archivador,Daz Consulting,Manabí,7
CAJERO,COOPERATIVA PANAMERICANA INTERNACIONAL,Manta,17
Personal Para...,Diario El Universo,Guayas,13
Ayudante de Bodega.,Construgypsum Cia. Ltda,Cuenca,10
Recepcionista de hotel,Novotel Cusco,Santiago,7
Cajero Guayaquil.,Cooperativa Jep,Guayas,4
Ayudante De...,Diario El Universo,Guayas,13
Auxiliar de bodega.,Laar Cuorier Express,Cuenca,6
Coordinador De Bodega,N/A,Pichincha,2
Personal Para Oficina,Diario El Universo,Guayas,7
ASISTENTE DE BODEGA,TuPortalEmpleo,Guayaquil,13
Contratación...,Diario El Universo,Guayas,13
Personal,Diario El Universo,Guayas,13
Vendedor/Bodeguero,Contalex,Azuay,1
Personal Para...,Diario El Universo,Guayas,13
CAJERO,TuPortalEmpleo,Guayaquil,10
Jefe de Bodega.,Importante empresa del sector retail,Guayaquil,6
Contratación...,Diario El Universo,Guayas,12
Auxiliar De...,Diario El Universo,Guayas,13
Administrativo Recepcionista,Instituto Técnico Superior Libertad,Manabí,15
Cajero Chone,TRANSACMUND,Chone,5
SE REQUIERE PERSONAL PARA VENTAS,Confidencial,Guayaquil,10
Ventas Bachiller,Grupowc,Manabí,7
Recepcionista Asistente Recepcionista.,Instrupetrol,Pichincha,16
BODEGUERO,TuPortalEmpleo,Guayaquil,24
Se Necesita Personal De Trabajo,N/A,Pichincha,11
Bodeguero Polifuncional,Un Mejor Empleo,El Oro,13
Vacante Laboral,TuPortalEmpleo,Guayaquil,25
Cajero El Coral,Diario El Universo,Guayas,4
Oferta Laboral,N/A,Pichincha,15
Auxiliar De Bodega.,Laar Cuorier Express,Cotopaxi,16
Se Requiere Personal En Ventas,N/A,Pichincha,11
Vendedor Para Floricola,N/A,Pichincha,1
Bodeguero:Ventas,N/A,Pichincha,8
Cajero/a La Troncal.,Cooperativa Jep,La Troncal,6
Personal De Pulido,Diario El Universo,Guayas,13
Secretaria De Ventas,Hdm Eqluitécnica Cía. Ltda.,Pichincha,3
Pasantes Para Varias Áreas,Tipti S.A.,Pichincha,14
Empleo En Guayaquil,Tiptopjob,Guayas,13
Personal Para Ventas,Un Mejor Empleo,Pichincha,13
Personal Discapacitado.,Digeca S.A.,Guayaquil,12
Ayudante de bodega,AGRIPAC S.A.,Sangolqui,19
Auxiliar De Limpieza,Casalimpia,Pichincha,1
AUXILIAR DE LIMPIEZA,GINSBERG S.A.,Quito,9
SE NECESITA PERSONAL PARA TRABAJAR,Bebuu,Quito,Hace
Auxiliar de limpieza,N/A,Guayaquil,6
se busca personal para trabajo inmediato pagos de ...,Bebuu,Portoviejo,7
AUXILIAR DE BODEGA,BIOGRUPO,Durán,19
Despachador/A Para Gasolinera.,Estacion De Servicios Reina Del Quinche Mas Gas,Pichincha,18
Ayudante De Bodega,N/A,Pichincha,20
Auxiliar De Limpieza,N/A,Pichincha,5
Secretaria recepcionista Secretaria.,ITESUT,Loja,20
Auxiliar De...,Diario El Universo,Guayas,13
Cajera/Recepcionista Multifunción.,Finas Fragancias,Guayas,4
Operario,N/A,Pichincha,11
AUXILIAR DE LIMPIEZA,TuPortalEmpleo,Guayaquil,10
Bodeguero Experiencia Comprobada.,Matemás Ambato,Tungurahua,2
PERSONAL PARA EL AREA TECNICA,SOLINTECE CIA LTDA,Rumiñahui,4
Auxiliar De Bodega Quito.,Velez Garzon Isabel Veronica,Pichincha,9
Auxiliar De Limpieza.,Diario El Universo,Guayas,6
Auxiliar De Bodega,N/A,Pichincha,20
Bodeguero,N/A,Guayaquil,Hace
Personal Ambos Sexos,Diario El Universo,Guayas,9
URGENTE!!! PERSONAL PARA VARIAS AREAS,NEW,Quito,24
Ayudante De Cocina,Café Bombon'S,Guayas,1
AUXILIAR DE FARMACIA,FARMACIAS VIDA,Guayas,9
Auxiliar De Farmacia,N/A,Pichincha,5
Cajero Quto,Cooperativa Jep,Manabí,9
Ayudante de Cocina,Swiss Corner,Quito,11
Auxiliar De Enfermeria,Italimentos Cía. Ltda.,Azuay,1
Bachiller En Contabilidad,Gedatecu Sa,Manabí,17
CAJERA,Disther C. Ltda.,Guayaquil,12
Contratación Inmediata Bonchadores Y Clasificadores,Un Mejor Empleo,Pichincha,13
Solicitamos Personal Con O Sin Experiencia,N/A,Guayas,7
Cajero Administrador,Un Mejor Empleo,Esmeraldas,13
Empresa Busca Personal Puerta A Puerta,Un Mejor Empleo,Guayas,2
Auxiliar De Bodega Con Experiencia.,Ifce Cimentaciones,Guayas,4
Asistente Personal Virtual,Top Adventures Ecuador,Pichincha,9
Administrativoa Recepcionista Hotel,Surediagnostics Cia. Ltda.,Manabí,9
Bodega Cargador,N/A,Pichincha,7
Bachiller En Ciencias Sociale,Nestle,Guayas,9
Ayudante De Ventas,Diario El Universo,Pichincha,6
SUPERVISOR DE BODEGA,TuPortalEmpleo,Guayaquil,24
Ayudante Carpintero,Distribuidora Oroplast,Manabí,9
Encargado/a de bodega Encargado de Bodega y Compras.,SEING PROAÑO Cia. Ltda.,Quito,10
Auxiliar De Farmacia,Farmacias Santa Martha,Imbabura,1
Cajera,N/A,Pichincha,8
Cajero/A Cuenca.,Cooperativa Jep,Azuay,18
Cajero/A Quevedo.,Cooperativa Jep,Los Ríos,18
Auxiliar De Procesos,N/A,Guayas,4
Operario Cortador Y Digitador,Un Mejor Empleo,Pichincha,9
Ayudante De Bodega Con Experiencia,N/A,Pichincha,11
Ayudante De Calidad,N/A,Pichincha,10
Tuti Guayaquil,Samadi Guayaquil,Guayas,9
Operario De Detailing,Un Mejor Empleo,Pichincha,7
Vendedora O Vendedor Para Multinacional Ecuador,N/A,Pichincha,8
Bodeguero,GLOW BEAUTY BAR,Guayaquil,Hace
Ayudante Para Producción,Koinobori Cia. Ltda.,Manabí,11
Urgente Requiero Personal Para Trabajar Desde Casa,Distribuidora Flipper S.A.,Manabí,15
Cajera,Diario El Universo,Guayas,13
Cajero Bancario,Cooperativa Jep,Manabí,17
Asistente Cartera/Recepcionista,Un Mejor Empleo,Pichincha,12
Vendedor Áreas técnicasconstrucciónindustrial,Ingerieria y Diseño Electronico,Quito,9
Auxiliar De Laboratorio,Un Mejor Empleo,Pichincha,9
Ayudante De Torno,Diario El Universo,Guayas,13
Jefe de Bodega,TuPortalEmpleo,Guayaquil,25
Mercaderista Guayaquil,N/A,Pichincha,5
Ayudante De Cocina,Diario El Universo,Guayas,13
Bodeguero Ferretero,Grupo Comercial Orbea,Manabí,19
Auxiliar De Metalmecánica.,Industrias Metalicas Decorativas,Pichincha,8
Cajero Financiero Loja,Cooperativa De Ahorro Y Credito Crea Ltda,Loja,1
Se Necesita Odontologo/A Con Experiencia Contratación Inmediata.,Consultorio Dental Pro-Dent,Guayas,12
Recepcionista Recepcionist.,Confidencial,Guayaquil,4
Bodeguero Duran.,Confidencial,Durán,4
Auxiliar de Limpieza,PRODUMAR S.A.,Salinas,16
Auxiliar de bodega Duran.,Confidencial,Durán,2
AUXILIAR DE LIMPIEZA,TuPortalEmpleo,Durán,12
Cajero Manta.,Confidencial,Manta,19
Personal...,Diario El Universo,Guayas,10
Recepcionista,Diario El Universo,Guayas,13
Bodeguero Archivador,Daz Consulting,Manabí,7
CAJERO,COOPERATIVA PANAMERICANA INTERNACIONAL,Manta,17
Personal Para...,Diario El Universo,Guayas,13
Ayudante de Bodega.,Construgypsum Cia. Ltda,Cuenca,10
Recepcionista de hotel,Novotel Cusco,Santiago,7
Cajero Guayaquil.,Cooperativa Jep,Guayas,4
Ayudante De...,Diario El Universo,Guayas,13
Auxiliar de bodega.,Laar Cuorier Express,Cuenca,6
Coordinador De Bodega,N/A,Pichincha,2
Personal Para Oficina,Diario El Universo,Guayas,7
ASISTENTE DE BODEGA,TuPortalEmpleo,Guayaquil,13
Contratación...,Diario El Universo,Guayas,13
Personal,Diario El Universo,Guayas,13
Vendedor/Bodeguero,Contalex,Azuay,1
Personal Para...,Diario El Universo,Guayas,13
CAJERO,TuPortalEmpleo,Guayaquil,10
Jefe de Bodega.,Importante empresa del sector retail,Guayaquil,6
Contratación...,Diario El Universo,Guayas,12
Auxiliar De...,Diario El Universo,Guayas,13
Administrativo Recepcionista,Instituto Técnico Superior Libertad,Manabí,15
Cajero Chone,TRANSACMUND,Chone,5
SE REQUIERE PERSONAL PARA VENTAS,Confidencial,Guayaquil,10
Ventas Bachiller,Grupowc,Manabí,7
Recepcionista Asistente Recepcionista.,Instrupetrol,Pichincha,16
BODEGUERO,TuPortalEmpleo,Guayaquil,24
Se Necesita Personal De Trabajo,N/A,Pichincha,11
Bodeguero Polifuncional,Un Mejor Empleo,El Oro,13
Vacante Laboral,TuPortalEmpleo,Guayaquil,25
Cajero El Coral,Diario El Universo,Guayas,4
Oferta Laboral,N/A,Pichincha,15
Auxiliar De Bodega.,Laar Cuorier Express,Cotopaxi,16
Se Requiere Personal En Ventas,N/A,Pichincha,11
Vendedor Para Floricola,N/A,Pichincha,1
Bodeguero:Ventas,N/A,Pichincha,8
Cajero/a La Troncal.,Cooperativa Jep,La Troncal,6
Personal De Pulido,Diario El Universo,Guayas,13
Secretaria De Ventas,Hdm Eqluitécnica Cía. Ltda.,Pichincha,3
Pasantes Para Varias Áreas,Tipti S.A.,Pichincha,14
Empleo En Guayaquil,Tiptopjob,Guayas,13
Personal Para Ventas,Un Mejor Empleo,Pichincha,13
Personal Discapacitado.,Digeca S.A.,Guayaquil,12
Ayudante de bodega,AGRIPAC S.A.,Sangolqui,19
Auxiliar De Limpieza,Casalimpia,Pichincha,1
AUXILIAR DE LIMPIEZA,GINSBERG S.A.,Quito,9
SE NECESITA PERSONAL PARA TRABAJAR,Bebuu,Quito,Hace
Auxiliar de limpieza,N/A,Guayaquil,6
se busca personal para trabajo inmediato pagos de ...,Bebuu,Portoviejo,7
AUXILIAR DE BODEGA,BIOGRUPO,Durán,19
Despachador/A Para Gasolinera.,Estacion De Servicios Reina Del Quinche Mas Gas,Pichincha,18
Ayudante De Bodega,N/A,Pichincha,20
Auxiliar De Limpieza,N/A,Pichincha,5
Secretaria recepcionista Secretaria.,ITESUT,Loja,20
Auxiliar De...,Diario El Universo,Guayas,13
Cajera/Recepcionista Multifunción.,Finas Fragancias,Guayas,4
Operario,N/A,Pichincha,11
AUXILIAR DE LIMPIEZA,TuPortalEmpleo,Guayaquil,10
Bodeguero Experiencia Comprobada.,Matemás Ambato,Tungurahua,2
PERSONAL PARA EL AREA TECNICA,SOLINTECE CIA LTDA,Rumiñahui,4
Auxiliar De Bodega Quito.,Velez Garzon Isabel Veronica,Pichincha,9
Auxiliar De Limpieza.,Diario El Universo,Guayas,6
Auxiliar De Bodega,N/A,Pichincha,20
Bodeguero,N/A,Guayaquil,Hace
Personal Ambos Sexos,Diario El Universo,Guayas,9
URGENTE!!! PERSONAL PARA VARIAS AREAS,NEW,Quito,24
Ayudante De Cocina,Café Bombon'S,Guayas,1
AUXILIAR DE FARMACIA,FARMACIAS VIDA,Guayas,9
Auxiliar De Farmacia,N/A,Pichincha,5
Cajero Quto,Cooperativa Jep,Manabí,9
Ayudante de Cocina,Swiss Corner,Quito,11
Auxiliar De Enfermeria,Italimentos Cía. Ltda.,Azuay,1
Bachiller En Contabilidad,Gedatecu Sa,Manabí,17
CAJERA,Disther C. Ltda.,Guayaquil,12
Contratación Inmediata Bonchadores Y Clasificadores,Un Mejor Empleo,Pichincha,13
Solicitamos Personal Con O Sin Experiencia,N/A,Guayas,7
Cajero Administrador,Un Mejor Empleo,Esmeraldas,13
Empresa Busca Personal Puerta A Puerta,Un Mejor Empleo,Guayas,2
Auxiliar De Bodega Con Experiencia.,Ifce Cimentaciones,Guayas,4
Asistente Personal Virtual,Top Adventures Ecuador,Pichincha,9
Administrativoa Recepcionista Hotel,Surediagnostics Cia. Ltda.,Manabí,9
Bodega Cargador,N/A,Pichincha,7
Bachiller En Ciencias Sociale,Nestle,Guayas,9
Ayudante De Ventas,Diario El Universo,Pichincha,6
SUPERVISOR DE BODEGA,TuPortalEmpleo,Guayaquil,24
Ayudante Carpintero,Distribuidora Oroplast,Manabí,9
Encargado/a de bodega Encargado de Bodega y Compras.,SEING PROAÑO Cia. Ltda.,Quito,10
Auxiliar De Farmacia,Farmacias Santa Martha,Imbabura,1
Cajera,N/A,Pichincha,8
Cajero/A Cuenca.,Cooperativa Jep,Azuay,18
Cajero/A Quevedo.,Cooperativa Jep,Los Ríos,18
Auxiliar De Procesos,N/A,Guayas,4
Operario Cortador Y Digitador,Un Mejor Empleo,Pichincha,9
Ayudante De Bodega Con Experiencia,N/A,Pichincha,11
Ayudante De Calidad,N/A,Pichincha,10
Tuti Guayaquil,Samadi Guayaquil,Guayas,9
Operario De Detailing,Un Mejor Empleo,Pichincha,7
Vendedora O Vendedor Para Multinacional Ecuador,N/A,Pichincha,8
Bodeguero,GLOW BEAUTY BAR,Guayaquil,Hace
Ayudante Para Producción,Koinobori Cia. Ltda.,Manabí,11
Urgente Requiero Personal Para Trabajar Desde Casa,Distribuidora Flipper S.A.,Manabí,15
Cajera,Diario El Universo,Guayas,13
Cajero Bancario,Cooperativa Jep,Manabí,17
Asistente Cartera/Recepcionista,Un Mejor Empleo,Pichincha,12
Vendedor Áreas técnicasconstrucciónindustrial,Ingerieria y Diseño Electronico,Quito,9
Auxiliar De Laboratorio,Un Mejor Empleo,Pichincha,9
Ayudante De Torno,Diario El Universo,Guayas,13
Jefe de Bodega,TuPortalEmpleo,Guayaquil,25
Mercaderista Guayaquil,N/A,Pichincha,5
Ayudante De Cocina,Diario El Universo,Guayas,13
Bodeguero Ferretero,Grupo Comercial Orbea,Manabí,19
Auxiliar De Metalmecánica.,Industrias Metalicas Decorativas,Pichincha,8
Cajero Financiero Loja,Cooperativa De Ahorro Y Credito Crea Ltda,Loja,1
Se Necesita Odontologo/A Con Experiencia Contratación Inmediata.,Consultorio Dental Pro-Dent,Guayas,12
Recepcionista Recepcionist.,Confidencial,Guayaquil,4
Bodeguero Duran.,Confidencial,Durán,4
Auxiliar de Limpieza,PRODUMAR S.A.,Salinas,16
Auxiliar de bodega Duran.,Confidencial,Durán,2
AUXILIAR DE LIMPIEZA,TuPortalEmpleo,Durán,12
Cajero Manta.,Confidencial,Manta,19
Cajero/a Machala.,Cooperativa Jep,Machala,23
Ayudante de Bodega para Pifo,N/A,Quito,20
ASISTENTE DE BODEGA PRODUCTO TERMINADO,GINSBERG S.A.,Quito,3
DIGITADOR (QUEVEDO),INSOTEC,Quevedo,9
Personal de seguridad,TuPortalEmpleo,Guayaquil,26
Cajero Quevedo,N/A,Quevedo,24
Ayudante de Bodega Ferreteria.,Distribuidora Oroplast,Quito,20
Ayudante Distribución Ayudante de ruta.,Confidencial,Quito,4
AUXILIAR DE MONITOREO,TuPortalEmpleo,Guayaquil,12
AUXILIAR DE LIMPIEZA,iNPRO,Guayaquil,16
Cajero/a Cuenca.,Cooperativa Jep,Cuenca,20
Personal de limpieza con carné Conadis.,FMA Agencia de Aduanas,Quito,6
Asistentes De Bodega De Frio,Knowledge And Jobs,Guayas,18
Operario De Produccion,N/A,Pichincha,14
"ASISTENTE DE SUSCRIPCIÓN, GUAYAQUIL",BMI,Guayaquil,4
Asistente de Bodega Estibador Cuenca.,Confidencial,Cuenca,4
Ayudante De Reparto,N/A,Pichincha,14
Cajero para tienda de retail.,Just-Link,Guayaquil,6
CAJERO BANCARIO RIOBAMBA,Banco Solidario,Riobamba,12
Jefe de Bodega Camaronera en Guayaquil.,Naturisa S.A.,Guayaquil,6
